A146QKWDNBZKXV,1.7000000000000002
A1UWWHDQRSBMM8,0.8
A2O7LNRIBPIHAF,1.3
AVEAR5UH1DP8C,3.2
AA0N2VT19BJFG,0.2
A1S315FYTGY9GL,1.9000000000000001
A2GK11SPBF73C6,0.9
A1W9EX6OGJK5O,0.6
AG7G6ZGG73JP7,1
A3IDBFPW2T9P5D,1.7000000000000002
A2COAUZ1TISD2Q,0.8
A33OQJ5NRKXQU3,2
A3DZCWB0J90PHT,1.2000000000000002
A1FH0Y12VSXUMK,0.5
ATCNAJ12DOTLE,2
A2QP3HJBFY8MB5,0.1
A2AZWEIEWBIYWX,0.8
A82Q1HS5CPZ5I,1.6
A25BIG44IOZFMS,1
A2ILUP6FN8HKKC,0.1
A1QYTV4R5UWV4G,0.1
ACMB4EM30MOWW,0.6000000000000001
A39ASRFAG250FH,0.9
A3H0TLQC53H5MB,1.7000000000000002
A19JX742BD64T8,3.1
A152B28KVSOXMV,1.5000000000000002
A2W6GDEVZ194D7,0.4
A2GM5BW75YCKKW,1.2000000000000002
A24L1U5Y2RJALV,1.7000000000000002
A2A2CHERS6QCLC,2.4000000000000004
A3QYA7EFCS7BA2,1.8000000000000003
A381DV1DQVPBHN,1.6
A368VH12R48BBH,1.5000000000000002
A1IIOOAOXABRKP,0.8
ARB8SJAWXUWTD,1.7000000000000002
A11KCJVVZDSOT0,1.9000000000000001
A21W6704ES6YYZ,2.1
AKRO3DEH8422K,2
A30AMDO3KY5HQC,4.6000000000000005
A160X70DIV96VM,0.7000000000000001
A25J3W3MFQ9E7Y,1.8
A2AQKBS7JI2OOT,1.4000000000000001
ARFQ8FJRKCUZ6,0.1
A1LFOS4GL90HWU,1.1
A3FA0317CWC85J,1.8
A2E9M97EHQ8KS3,0.7000000000000001
A1EIBL2B06W1D7,1.1
A3PQVDFT21IISU,3.9000000000000004
AKHLWA2BGEC9L,3.1
A232YUK4LBHWN5,1.4000000000000001
ANNK11Y08X9LY,0.1
A32KEA58LWQ86K,2.2
A1VA9QXDZ3F0CW,4.3
A3KE2YTLQP4V0G,1
A2OZKKX2O0YTLD,4.7
A3UTB3ECQOXL5D,4.800000000000001
AXJJ5H5M46823,0.7000000000000001
A2N93IVSZXSB73,1
ARALGP851NX1G,1.3000000000000003
A3TS0KMBDEEUVX,2.5000000000000004
A33JJY3A6V90QM,0.9
A35B8NF10UDORC,1
AAE6DGZOC9EWQ,1.4000000000000001
AI6TD8PM938FQ,1.5000000000000002
A2H8PEGI28NKZD,0.5
A2AO1MJ3P2IK50,2.4000000000000004
AG4AQFFOOK8LH,0.6
A346UAH34GVOZX,0.1
A1R8I1H63TWK79,1.4000000000000001
A1IS0218RVG60K,1.9000000000000001
A3BZY68SIKF64G,1.1
A14QUTGEXRV4R5,0.1
A1N2ZXYWK2DLSG,0.8
A1NP3AYF384VNB,1.2000000000000002
AIIRH4RUPSAJF,1.4000000000000001
AKSJ3C5O3V9RB,5.2
A1Z8VN97YAD6XB,4
A1UFNXMJ1167P0,0.1
A80WPJSYIU9LT,2.2
AOP8NT9LAEV1F,1.2000000000000002
A2251X4Z0421VE,2
A11C3YKXF3IKGU,1.5000000000000002
A2W5P682A30ZIZ,0.1
A1EIKI2CBBKLEV,1.8
A165B3KWNDSHYS,0.4
AMSIB4SQ6JNQ2,2.3000000000000003
A1VTGZTVLV00SH,1.3
A1DC5O5XEIMM1M,1.2000000000000002
A1V4D8LFK5I7RW,2.5000000000000004
A8YX4HGKYOEYG,1.2000000000000002
A3E35WEQJF5FM8,2.6
AHK0H8GTO70K4,3.5000000000000004
A1RK314J53UK1N,0.6000000000000001
A2PJTR5IJ8OUIS,2.2
A19HHWLD2LGA7W,1.2000000000000002
A28LOSNMBSWL3W,1.1
AXXFNNU3O0D5M,0.1
AGA1PIIWM8I8D,1.8
A22QFNF1UTBK0H,2.5000000000000004
A1QG5NSKZYN30W,2.5000000000000004
A26TA3HGBFSPYH,1.8
A1I0DV4B4MFQCL,1.2000000000000002
AVR4GVIJKP26E,2.9000000000000004
AYKKRGU5D8VW5,3.9000000000000004
ADXHWQLUQBK77,0.7000000000000001
A1KJE75LL545EI,3.4000000000000004
A122MZOQT9A8XL,0.1
A13CFYL1AW272Y,0.8
A2RJQ7V9C078KO,0.1
A1FO99U5T2TBBP,1.6
AG2M9I8DS1SNK,1
A1CRE2Z623JZ6V,3.4000000000000004
A3NFRJM2ATN21O,0.5
A21LM0KHPV3BKU,3
AJWXUF76DAC09,0.1
A3DF70OJSXWOJ2,1.6
A1VWLIXBS4WDOD,0.9
A37E36IPUOBJX5,1.6
A3E1XMWURQQ64D,1.1
ARKPT0SC3QJ4U,2
A1YY9C43J4LJTF,2.2
A14VY6QXKBLC0D,1.5
AMKMVLJURRCOJ,3.9000000000000004
A016079037TD5GXCNYBPH,0.7000000000000001
A3542PB4Z0NE80,0.1
A2KAGQHCC2GW81,2.4000000000000004
AFTFOBESP6XUB,3.4000000000000004
AHVYXIIP3GA95,1
A2OVQHBCQAME3B,1
A23N7M4VTXM99F,0.1
A2TI0DQEJWXWDC,0.1
A4ZCS7YTJS0DF,1.1
A2A4RO5BS3I95B,2.3000000000000003
A1D16385AWW742,1.4000000000000001
AZNLJCI4S1XIJ,2.6
A36GU3OHGLDS8R,2.4000000000000004
A2CA2CUWD2BH07,0.7000000000000001
AECV3VVANUKNO,1.6
A1NV6ICZTWQETO,3.9000000000000004
A198H320N5MSXX,3.9000000000000004
A1TJA3HLWCJUSX,2.4000000000000004
AJD3JOWNVDZD1,1.8
A13IVIERXR3ML9,4.5
A2INXY39KBM92F,0.9
AMJ1GAUE8HDDH,1.1
A3C3QQ9BL4J703,0.7000000000000001
A2F0H1QFK7X0N4,2.1
A5P0G326AZ58X,0.5
A23XM9DGWLJ2O6,0.8
A2ZDEERVRN5AMC,0.9
AMHUDJ44HF1ZH,2.7
AZHVMA71023O6,0.9
A3SMG9J9DE65AQ,0.7000000000000001
A1G452MFAS690B,0.1
A2SPNO5V32ZPM8,0.1
ACDIDJHRJ5THM,2.4000000000000004
ACKTWNQ5U1UP4,1.2000000000000002
A6PDTBK8O8O4M,1.3000000000000003
A3U0JKK8IXEP7D,0.1
A1V5VJE32G7HDE,1.2000000000000002
A1JALA705LS4VZ,0.2
A286A3MYO5KC6F,1.4000000000000001
A2RVFMCKSSEHDV,0.1
A8C3WNWRBWUXO,3.3000000000000003
A65D3WVGHQUHO,2.2
A115SW2VTLJ6PA,3.4000000000000004
A15SPRQ2HRRZMQ,3.3000000000000003
A2418EO8L4Y0G,1.1
A3J0XRH0V0EWEX,2.7
A3AOE3JLHSHEC9,1.7000000000000002
A1F1TBDHPYAAXT,1.1
A2G2V7KXNMUUT2,1.6
A1W1RB5SV7AN0S,3.9000000000000004
A2TXC8Q2IFGRXH,1.4000000000000001
A1XCA2F28H20FG,0.5
A2O4622TN4UWRG,3.2
AXF0OX50YZQC6,1.3000000000000003
A8X1YI90JPSGP,0.5
A2GSFW3FDWRC96,1.2000000000000002
AC85RMKH69DOW,0.9
AVHI24I0GQWGI,3.4000000000000004
A339Z953OK0S9N,0.1
A14HW0XMI4R2ON,0.1
A2AS2Z9P0VV2NP,2.6
APB1SV14QTDOI,2.3000000000000003
AZYPX02LDF,1
A2JTYD0X9E8O5R,1.3
A11WCFPJSR5VZP,1.1
A1SPIAJZORHFT0,0.1
A3SWHINC01JOB5,1
A2J1YAU6MSQZCF,3.2
A2TGHPIJ98QSKJ,1
A22EFVNM2B4AOV,1.5000000000000002
A2OLSZ6DD9I239,1.2000000000000002
A14LOTWLUGVN2O,0.1
AKWGZRPLABVC5,2.3000000000000003
A1SGGLWPW4CJBD,1
A3HCQGTFEZGEEF,1.8
A1NCDDSJGBBNPW,1.8
A2PRF5G21RC5G3,0.1
A14H63JO45VV04,1.1
A1SMKNWVOVVGVD,0.7000000000000001
A2DBMTN294Y1A8,0.6
AQB9IKUSDEZUL,1
A1FYQDCJ0S4Q10,2.5000000000000004
A1C6U6K4KW7PYL,0.6000000000000001
A1A6UVH1CCP8CD,1.1
A1P14N5TF1M7BL,0.6
A1TXCO12MCTP8P,0.1
AZ2DTQJ389K96,0.8
A3O652N8XGMS6I,0.1
AZ4IGXEZRJSTP,1.6
A3QNCW3LR2AVOV,0.1
A1KKJIJZJEFS2Q,0.8
AOBTFLJU2BEPR,0.4
A3IC2XT25IE9R7,2.8000000000000003
AIPHJXQEDNW9L,1.8
A2JQ10DBF8WDWR,0.4
ACBK30I7R42NI,0.9
A2YRGSOEPVLZD2,0.6000000000000001
A28ULQUEIUK7JU,0.4
A3Q3XHN2JTNUI5,2.1
A2D6QNCAN9X77R,7.3
A7L9ZA6QTLZ1J,2.1
A1IMFKM5ITVDAQ,2.7
A1JVA6HGVN1D5N,1.1
A2SQROHR6WO0TQ,1.4000000000000001
AADRZTXSE7211,1.9000000000000001
AIVENINY8Q7UF,3.5000000000000004
A2DSTUFMI83TM1,1.6
ANK8K5WTHJ61C,3.5000000000000004
A8EOTUIQ90R0T,0.1
A2QG6Z1KCT3M5H,0.5
AKLG79EPGKTDP,2.1
A6RMMV8AHXY9J,1.5000000000000002
A30IKHZOUXWY2Z,1.6
A1EN3FW93BSXQQ,1.9000000000000001
A3MYPYBVHX7FQ2,1.6
A154MTCIJUIA4D,2.5000000000000004
ASCS0QEE54PUI,0.9
A3E6KX1ULZAWWO,0.6000000000000001
A1EQ60VAICF0S7,1.6
A1GJTI4HDRYS22,0.1
AX5X0WANI5V7Y,2.1
A7EIZ1Z3CGVB3,0.8
A3KZQPEKQ64ASL,1
A2CQP9DZSDUC5V,1.7000000000000002
A1KIL2V6SMJBGX,3.1
A3NPDR4HZK0OFI,0.7000000000000001
AXG9QE79X4N1M,0.7000000000000001
A3AZJGI9D7C0PD,0.1
A1THLQHQUPEP9F,1
A25YRG1KZGX8AB,1
AL5ILFU1448QW,1.8
A3H7JSG6XGTQ3E,0.6
AC5ZV6E4XULIU,2
A1PTTZ1A8CW4ZA,0.1
A3ESBL8J4RUANK,3
A1BHR5XQ16T7LA,2.8000000000000003
A2KCG7T8X3IHFL,2.5000000000000004
A1TAKXBC6LAQER,1.3000000000000003
AZSEHSNW1OHY1,0.1
A3PI3HSR8W2W04,1.3000000000000003
A1PIGZNLSQMGNW,2.1
A2OYFHRMYZ6HKV,0.8
ANCCKNF1DKRZO,1
AVDUB01FETU0H,1.4000000000000001
A1PE5AT62CBGS4,2.5000000000000004
A2FQYBUXX97P13,2.8000000000000003
A114JRUBJ5IN7D,1.9000000000000001
A3SGVL69ZBJ9CP,3.9000000000000004
A2JZTR2ZSALGH4,0.8
AHDV5J2U75V5L,0.2
A2R05UN1V4OBFM,1
A1HP506HGINWSV,0.5
ALOK7TAJ9Y6WQ,4.2
ASK6BGTYY8SV1,1.4000000000000001
A3UF7MG54V3YS2,1.3000000000000003
A1TARNH07A75CG,0.6
A2DF8W7SDWLURD,0.1
A366F2Y84KRT5H,0.6000000000000001
A9S6EGIY10U0X,2.2
AB7FCO8X423HV,2.3000000000000003
A30J4IZCMCR31F,0.1
AJT0EYLB3P85L,2.9000000000000004
A1OB9IM0RVZABO,1.2000000000000002
A37JCQDCSNQYOH,1.2000000000000002
A2G5Q1ET66M7CO,1.4000000000000001
AMOBC1D09Q381,1.3000000000000003
A33QEP6I6GR248,1
AN5W2AB9K1ZR,1.2000000000000002
A3O2JUIF4DZQJU,1
A31XUQFSE7CCZX,2.6
A14I4GYWDIBVU7,1.3000000000000003
AKHKMEPXX1YZ9,1.6
A256QEOICSIHW7,3
A1EJ3GV9JJ2Y9J,0.5
A2ZLRSODAY5X21,1.8
A1TZ8H6WXNXIU4,0.8
A39PQXKRT785B2,1.1
A1WKWC9C5XIPKV,1.8000000000000003
A3VOYK4UGI5BJF,2.2
AP761OJXC1MAE,1.5
A1DMXEJGJY02E1,2.3000000000000003
AW5O1RK3W60FC,0.1
ACIYKUJJE2JNE,2
A2QKAA5YS0P4CI,1.3
A1AFCTV7V6P728,0.1
AXG2QCW21F3S7,1.8
A2WDF40FA670T9,1
AMJ9X1MIE8CZ5,2.4000000000000004
A1M80BHTVX8ISO,0.6000000000000001
A308FEI88TJ8WV,0.8
A1CFPKUOCGJIM6,1.5000000000000002
A30YGRDG70LAGE,2.1
AC95JAUAM2L2Z,0.8
AEQT4MJIZFCZ4,1
A3EL3GR8OKME99,1.9000000000000001
A2I8VBHRESMG9S,1
A2J5RBKVRE7VA9,1.6
A2WZ22AOZSBSX4,0.8
A1WTUFTRMUN5IR,4.2
A11MZ654DVB8OP,2.9000000000000004
A24Y1NVEEY1ADM,2.4000000000000004
AHDLFV9OCM08Q,1.3000000000000003
A10Y0KJ9ZO7W6F,2
A1YHDO0G8F8HZK,4.1
A2W6FL7CISBH8H,2
A1H06KYFEMG97R,1.1
A34YGHVPXQZVBX,2.6
A2M7AQ31P19IGN,0.30000000000000004
A3LGFYY3D0Y85X,1.4000000000000001
A2MPOAEQ25ZJAD,0.7000000000000001
A2SR8HAKIFWAKJ,0.1
A459IPNAWBWGA,2.9000000000000004
A30XBXE53J85WN,1.7000000000000002
A3DI3M012XGD,0.2
A33H8QLITAGJKJ,2.8000000000000003
A33Z6BHAJUGCHY,3.7
A21Y7K669KM1PR,2.2
A372RONRIOLZM4,1.5
A2V78B2QWOM6RK,0.1
A3GGWI71JVXA61,0.1
AVAOHHGTBZWFJ,1.4000000000000001
A15X9KAJB8M54B,0.8
A1CXWTVNAOBU23,1.3
AHC1ZSUGAO8BJ,5.1
A3H2U99J1MU7VF,1.6
AB9UMPS8TMYAF,0.7000000000000001
A3NRIEMOJVVX4A,1.1
A1FNSVE3OUBPF0,2.4000000000000004
ATCB59EEU90H9,1.3
A2Q5NAQGU9CICZ,0.1
AD5VT46FQDFP2,2.3000000000000003
A11231GJBVI6OB,2.8000000000000003
A3BHV4BSZTCT87,2.6
AA3WNWACBK6MI,0.7000000000000001
A19OW4DYYFIJDG,1
A2E1MMNJAWM3V6,0.1
A1VC85P4XYKS4D,1.4000000000000001
A361LSWVXOQZ56,0.1
A2K3VLXR2IM7IN,1.4000000000000001
A1CN8D65D1IR5R,2.7
AMTTB8JUWRRM7,3.8000000000000003
AHKOMKJ1HGJLM,0.9
AGNEBPL7FVQ6K,1.8000000000000003
A3PIEY4HI0ABN0,1.3000000000000003
A3NUIEPMZSHEZ4,3.1
A1XM0SQUNC4EFH,1.3000000000000003
A3OHV6ECOY6J46,0.8
A15DXD3Z1AHK6C,2.5000000000000004
A1UFEYLBCJ89TQ,1
A321UTTHJSC5PO,1.1
ACTTDR6JKYY7N,1
A34FSH0HHLHSY3,0.5
A1CT5YVQ1CKUV6,1
AKFD0LGMTUYHC,0.9
A32HG4VO19LEKX,1
A9WFXKAF1RF5Q,0.1
A1YFLIT0E5OJG4,0.1
A3CLPBGXLXBZS8,1.4000000000000001
ANFWGSQ8BQRZ,1.3000000000000003
A2BYI9Q8O5OLK2,1.4000000000000001
A30PK0W5OY1V6L,1
A1WLSVFTLJ5KDI,1.6
AESUK1GYD0568,0.6000000000000001
A2ZPSPA0R8KSL8,0.9
A2LI51CANHJ00M,2.6
A31842X2M9HQ4O,1.3000000000000003
AR95C0P53AFWJ,2.4000000000000004
A1E3Y8DJR2EQOC,3.7
AMPBH2Y7FB2TR,1.6
A17DVG41OH0ZQY,0.1
A2QD48WPH05Z6U,0.8
A1NO6ZM4D7A6AB,3.6
A1ESYH06VN3H8U,1.1
A3BH9VP691SFGQ,0.7000000000000001
A1X4YU068PNLGX,2.1
A2E8YCDO6D5XWA,0.30000000000000004
AVMPN6L3KZ6S0,3.1
AL4TLDNE7AYI1,2.1
A2TCX20FIMNWSS,0.7000000000000001
A2K607J3Z68WRR,1.5000000000000002
A3FGT6EU39C6S4,0.6000000000000001
AKZZ5MQN7UQMJ,1
ARPSWLZW1I7SP,0.7000000000000001
A27K3UK3TETLIC,0.6000000000000001
A1KCR2IOU03EHK,3.2
A6FHG0DQFU7M9,0.8
A3GJPHFUCNBO8J,3.7
A2GPPUNLCCQX83,2.9000000000000004
A3ID375N4NIE2C,0.5
A30HUZHJBOX1LK,1.8
A2JORQ9GMDUHQH,1
A2ATMFCH5PK6HH,1.4000000000000001
A358YR7MWC6LRH,2.2
AKC6351TW2FA4,0.1
A2JO6WMV2DZLOB,1.4000000000000001
A27RABV2PS9312,1.4000000000000001
A1VM06KJPJEYUD,3.1
A236P0CF7B1ZW0,1.1
AD7MWBDCVS5ZZ,0.8
A3CYCTJA0RZFR8,1.1
A10WRBLV9NMNH9,1.5000000000000002
A3BWSKIB9Z0TB1,1.5
A2H00CKCFRMUJK,0.7000000000000001
A1LCL6KNCAY0BT,0.6000000000000001
A3M9HSZJ3IDNUY,2.7
A2VAGK21GQ6X4D,2.9000000000000004
A1FH1O46FOKOVA,1.3
AMIPQMYV4SV8K,1.1
A14N5RGTG9D4LF,1.5000000000000002
A3V3BQH2Z6FME8,1.3000000000000003
A27Y81H0SPFF7S,2.4000000000000004
A3EZ3BRM1C5WKV,2.4000000000000004
ASOW1OC36EOTD,3.3000000000000003
A39GRMHHQA3F2N,0.8
A1FWXJ1I0T1SG9,0.9
A24UCKQEFVRW74,1
A2DSVJO85VY2TF,2.7
A3C8NUIBNZYMT2,2.6
A1YKLJ89XT1YZK,1.6
A2PC1VBNJRR900,1.9000000000000001
A1D8HDASD66IEM,0.1
A1FHKK0RU69RU,0.1
A217G0A69JZ90L,2.1
A3SUDJ3D9SHGR8,1.6
A10UFT30VZ8KLO,0.8
A3CTPF03CRIP67,0.6000000000000001
A3R0QO6884CV1P,0.9
A1S1WA8UKBQ131,1.8
A2V6E7SGEU0EFD,3
A38S1M9I6HIBJG,1.3
A2GXJLFIXQAYPZ,0.6
A39C1BN9ZSQ0R2,2.2
A2UNF0ZW0Y7GK3,0.1
A31Y7BOQWRP7FA,0.1
A2WNWCP4QCPGC,1.2000000000000002
A207MWA5U0GWA5,1.2000000000000002
A2YXL5GQ3LZUY0,2.7
A22EBXRMK6TOTJ,1
A17FTRR2SK95W8,1.4000000000000001
AETQ79G4SKSIR,0.6000000000000001
A1CTJ8UT7SF317,4.2
A1IGC3XWCGNRPR,1.1
AR6KODL3T3ADR,1.7000000000000002
A355GUH5HKXGAK,0.5
A1GJWL9GPBP9Q9,0.30000000000000004
A2KN1K1BBIA5IG,1.3
A1F92P1DP6UB7O,0.1
A2TTPULEGF8963,1.3
A1BB4DMPN1GY00,1.4000000000000001
AGGRLNP97QQ1I,1.3000000000000003
A3OJMQGEB33E00,0.9
A3APMO8WXVH1V0,3.6
AJB5DI23CYKZS,0.1
A27LCUA35LPVM8,3.5000000000000004
A1DSC84U47ML5D,0.8
A1C657Y1DGV9IA,1
ARVCU1U5BYANV,3.9000000000000004
AR5RKWHR0DUCS,2.1
A2JCE6MD27QA5D,0.7000000000000001
ACJ6NSCIWMUZI,1.1
A2JQI1SDHK32T6,2.3000000000000003
AXO22N46CSNVT,0.1
A3KPGKD7F1O18I,0.1
A3LGUYS3JU2C1T,0.6
ARUXG5FD1Q76F,2.4000000000000004
A2ERUVTDX27PN5,1.7000000000000002
A3VD8Q04OOZ7W0,1.8
A1PJ1R0S0PEEEE,1.9000000000000001
A398O60Z1KEZM8,0.7000000000000001
A3DQ5VQMUOSZ35,2.9000000000000004
ABZ3S434TWMZ6,0.7000000000000001
A2DKTUZAWTJYP6,0.4
A1B5ROA4I87ASX,2.6
A1VIKMTWX0JA3E,1
A3NAPI31PZ0YMG,0.8
ACXY86ZEM9C3G,3.1
A3G1HG9Q8M4UI5,4.1
A3T3GL8Q6H27F3,0.7000000000000001
ADKJBYY9Q3VNZ,0.1
A1482O4DPRSACW,2.2
A2I19TY4P5IAIE,0.7000000000000001
A1BKFYRSWMWZ1Y,1.8
AX97C6KHZP8EO,2.3000000000000003
A20ASMCESA51U4,1.8
A3MAK5EFNKNO62,4.2
A4DP9QI2225WM,2.1
A2VCWF4XS42FNR,0.1
A2L53B1MI02U0W,2.2
A2F7JYFQIVD7YW,0.9
A3QW42Y2P0DLT7,3.2
A1W7QLLENVP2AE,2.7
AZYO712QAF8HI,0.4
A2F5QCUTZU7KF7,2.5000000000000004
A2LUL0QE90HUU5,1.2000000000000002
A3J5Q4I22NCNKN,2.8000000000000003
AV7A20KYBTQHL,0.9
A3V4YAV6AG5RTL,0.9
A1S56RBP0Q3BT,1.3000000000000003
A1EA31RK08TOD3,2.4000000000000004
A2K0PY9KQ4FRNQ,3.5
AY1GF32VHIFGH,3.1
A3OCMKHEMG9BP0,2.9000000000000004
A2HVCKK8NOTFD0,2.3000000000000003
A1XH15NJNH78Z5,1.3000000000000003
AS0PN9WONYMNC,0.9
A282MR5MU2PQZM,1.3000000000000003
A2JXI36V68MX7Y,1.6
ATZBGGX4J7B1N,0.6000000000000001
A1OLW2WXCHKX37,1.4000000000000001
A1XUE712KVMVXM,1
AEPIMHIP6MBI4,1.6
A3S67QA0SQVPUJ,1.6
A2NL158Z27WZQ4,3.1
A12W7Y1ATANPVR,0.7000000000000001
A21OF1RLY7KCL8,1.6
A33HB6VKFI6W33,0.7000000000000001
AKT9CLTF8N8PK,0.2
A3ISRZC9K01AMZ,2.5000000000000004
A1B1X7P26ZYP7G,1.1
AXH4TLN9V384C,2.7
A37S96RT1P1IT2,1.8000000000000003
A3SQV2L85UE5BK,0.1
A2Q2BNJ4NLGUN2,0.1
AUQ79MANVDU9B,4
A1MDDXEZUULPRX,1.3000000000000003
A23FK9ROU0IU4D,0.9
A3RQUN2KZARTXA,0.7000000000000001
A11LL3J3YSXB4U,0.9
A2S3JDPIXPOKEM,0.6000000000000001
A4UYJT78TZSBD,0.1
A1X84CLJ7N1PLZ,0.1
A1Y3VYHOYKZ1D7,0.1
A9HJGCF4HEN61,0.6000000000000001
APAR2A1F4RB0N,0.4
A2WCCV1W8UE8ED,0.9
A24NKUCAX1LURL,0.30000000000000004
A330JJZGJL7IG2,0.7000000000000001
AI5RMOS8R652G,1.1
AL8KOIH1DJ7D9,2.2
A341YX9RYRXLSS,0.8
AQXC1EVIPJPNJ,0.8
A6672MUNCQKQG,4.4
AAR6MYZQ0EYMZ,1.7000000000000002
A2D7IGYPUP48R7,1.2000000000000002
AX0OJ3C9YQJ8R,2.5000000000000004
A3O6BQM1FNAEAQ,1.4000000000000001
A3PSV85ZUXP9VF,2.2
A29DF24JS60P35,2.3000000000000003
APR3WVZ4JKEYJ,1.5000000000000002
A1GWYEIX5S6JU4,0.1
A36OM0RP4ZWHTS,1.2000000000000002
A2MEM0P4XT9PN7,0.1
A3RPTW3IGJHBNQ,1
A34GH8VX3QZC75,2.3000000000000003
A1AADBPAZB1O33,1
ATIVE88N68BOU,2.2
A29CCD6DOOQCGB,1.7000000000000002
A3VJI84NJU5OA5,0.9
A3QNSOORS63W0D,0.1
A1IEJV23EOYRS5,0.5
A359ETX78LN74M,1.8
AL7UTA8J27TFK,1
A1D4I1QYL9713I,1.2000000000000002
A1VRG5HKZC0H0C,2.2
A3I116W4IY1UY7,3.3000000000000003
AM9B14FZ7R2IE,0.8
AB0LYB4PZKY9K,1.8
A364KJDYEBAWC9,1.8
A1KMK9WUK5ALU5,1
A58GP5CIF6DJ5,1.9000000000000001
A2KC7PIZE2B1NJ,1.9000000000000001
AZVXDKQLJOSIB,1.1
A1W3FO0D77CF5T,3.6
A3MAOMY844XKQ4,1.6
A34XIUT5O0PYQC,0.1
A1NDM6W7RDU4FR,1.6
A3HKZDM8Z0IMUY,1.9000000000000001
APUNS430KPW1I,1.2000000000000002
A1MZD176U41SLS,1.4000000000000001
A2VN9PF50ZB09W,0.6
A2LLY9JPYC9KJ4,2.3000000000000003
A2QP4IE1ATBZ8R,4.5
A2Y34ZRWFO81FH,0.9
A1JNW65HQ0Q0AL,3.5000000000000004
A3PQPWN30ODXRE,1.1
A364RSKC1UZO23,2.9000000000000004
ARQ7R97434PM2,1.1
A2YF1S86LZUFMZ,1.4000000000000001
AUJCHA8ZEYS0V,0.1
A1HKY2VIN9UFZN,0.6
A20VH0U95N7M0T,0.1
A3MW1FSUZ4MMGE,0.9
A3D42OH0Q9NG6Q,0.7000000000000001
A3MJSYSWX0Q4WQ,0.1
A2BR6XBAEFQ4GK,4.4
A26RJZZ99NKBFH,0.1
A3ON2MEPRGMEXM,0.1
A1QMOCGQW393OG,1.9000000000000001
AQTI0VRVLBY33,2.6
A2LAE5LO34AK,2.2
A230VUDYOCRZ4N,3.2
A2V6NHGW1B52S0,1.5000000000000002
A1NGUY5K6K1HIV,0.1
A21IUQEKZ6JF8O,2.6
A252AOV2RU7NZH,0.1
A7K0WIRQIMYN5,1.6
A3HGZDLMCKGPSE,1.4000000000000001
ASN3NQ0IXZZTN,0.1
ATXAVU13VN2I,0.9
AQY75M3TZJ54B,0.1
ACG478QWPK9FS,1.3000000000000003
A3RCX3IQ8L6HHW,0.1
AKFUA2F8Q2BFF,2.5000000000000004
AQ8BLRK6S9LLK,1.5
A1KUBN7RI6UREH,1.5000000000000002
A2MYLV7DGUL42B,0.7000000000000001
A38JT3BYFIKSBE,3.1
A2IP3ZAFYGV8M9,2
A2BL6ZVUM0B9C8,1.3000000000000003
A1X9JOMBRKX9RP,0.9
A1JGZD9FUDYJ30,3
A2QRMB9WYHIRAK,0.7000000000000001
A17YHLSRIOLN3R,0.9
A1S7WGRS6BVBGW,1.7000000000000002
A89EON3FG28ZW,2.4000000000000004
AHDW0M4017Z8K,2.4000000000000004
A3N15463MQO5VF,0.9
A382G38I8JZLGZ,2.7
A27XLNJ5KLI7JW,0.5
A1HXEL5PMW3DQ2,1.6
A2Y0WNHMT4PZ4C,1.1
A18AP71GPS9D4V,2.9000000000000004
AI2OD4WPORUCJ,1.3000000000000003
A2XUJD9Z7ZDLB5,1.1
A1P3I7YCWXF9YG,0.6
A1LDM9B0KIDY5I,1.3
A1V0JTFQA3X0HZ,2.3000000000000003
A3LR90OHZQSD2Q,2
A2RIXKCSRGBC4O,1.4000000000000001
A39SK1E6IMQBD5,2.6
A3K5YBCBVBM3RY,0.1
APG6CXGVDL0G5,2.9000000000000004
A1FG0KX6I48H4T,1.1
A147F5PJTHOB8A,1.1
A34DYM8J0X5VK,1
AOB25WRNFGUFE,0.1
A3TBR9GIXU42DM,1.2000000000000002
AXU91NVCGW9B,0.7000000000000001
AO1QGAUZ85T6L,2
A7JD9B7VLMWCC,0.5
A1V0QQXL4GNB39,1.9000000000000001
A8SXA47ZHWGHN,0.1
A2HGPD6YSHB1FQ,0.7000000000000001
A6SD71YCDYIKM,0.5
A2RCYLKY072XXO,1.6
AMIYUC9D85YSC,1
AS8ZT32NSIKQP,1.1
A2Y5EBLQTYXRXU,2.8000000000000003
A1DALT8GZXCPSC,0.6
A8GD33ZJ1SAA5,0.6000000000000001
A22GWFOLU1CYWT,0.1
A27E8VYAIZO39E,2.3000000000000003
A1KC04B60WUKP0,1.1
A2RW7CS9AJABOI,1.1
A41O2WBQFZIJ9,1.2000000000000002
AQCT4RWQ7HJOA,1.3000000000000003
A3OOD9IMOHPPFQ,1.7000000000000002
A2LMQ4497NMK3S,2
A1F2APQMJSQVFK,0.9
A371H3PQPR2Z8J,1.1
A1YH0UN2H5JL33,4.3
AYIQNRTLKD6GZ,0.7000000000000001
A2GDH3124ODAVN,0.6000000000000001
A2LVRNFWCIVTJP,2.4000000000000004
A2YS99O8UWFOGT,0.9
AE63GABJL0FGJ,0.1
A3H5L5LX61DGY2,0.1
A13QNZQ6JAI4YJ,0.9
A3F0LQAYBADWV9,2.1
AU34Y1DWWQ47O,0.1
A3DBY12LGT2WDK,0.8
A22L683QL6RDHJ,2.3000000000000003
A2S7MMYI24QSRU,0.1
A1W9G8QEYMQ19K,3.3000000000000003
A1Y2MEMCA7C1SJ,1
A3F803GR2C3Z36,0.9
AI5NSNSFY62SH,0.1
A747P92XNGD4W,1
A3HIOLH6I5HKQS,2.1
A2YKNKZIFUO0Y0,1.4000000000000001
A3N52E6KK7WBJ1,0.8
A4XJ2PM0SAYEJ,0.1
A23OYN9DNCX2F7,0.1
A17P0L04VGGN97,0.6
A319SD61F2BI8K,0.1
A2PBYJGWVOA933,0.6000000000000001
A1O2KOJJIAI6L3,3.7
A114BI2ZRYWKC0,1
A1K8WIRW3N0DS,0.4
A2QGQOWEM9G55,2.1
AAC2WKDSALVUV,0.1
A1VHFLDO4EPKT4,2.1
A54783H3TMUDT,0.8
APY7YO8CH0ZDP,0.6000000000000001
A2HEZ4001GAES4,1
ARR3UJTM2ZGK4,1
A24DSECWUBZC0Z,0.6000000000000001
A361ISW2T0L2MB,0.8
A10YGFN8NW849U,0.1
A1EJH3TH3YXUHL,1.2000000000000002
A23JK6EV257I2R,0.1
A1BSYAWID6RI6J,0.6000000000000001
A1E4E1SOG6IDYL,1.4000000000000001
A332DXFAEBFM5B,0.7000000000000001
A24Z9RP5YZZ2TY,1.4000000000000001
A255TQAF514QL6,2
AZNNPGW3VNPQ2,1
AHNDM8Y1FYHAJ,1.4000000000000001
A3BLI5IZOHI02,0.8
A334BFWVFS4B41,0.8
A1D7DJQJIJG6EY,0.7000000000000001
A1VKWPJJZE1EOD,0.1
ASF5V3K4IFP4K,0.1
A1IFDRSQ4IC40L,2.8000000000000003
A2VZBQXRC8UHSV,1
A1GDZ7SSUD34YK,3.4000000000000004
A49WTQG4MBT9Z,4.1
A3KF6O09H04SP7,1.4000000000000001
AI0GXA45H2KEK,1.5000000000000002
A1LVYEU1MRRDID,1.3
A53LV70R73Q73,0.4
A2ZJQ12R3ME3H5,5
A10L7HBM274K08,0.4
AP86CO50R03PT,1.1
A3A3EK97QTOLL8,1.5000000000000002
A1CMD5HQF39OTR,1.8
A2FE0I7W269C1C,2.1
A2RTOC63P5UWQ,2.5000000000000004
A37O1W3434JMMY,0.1
A4TIA0LJ3Z5WP,1
A3LVLZS8S41ZD7,2.8000000000000003
A3BE3KXD518TZ4,2.2
A3JUSBEHUFSW61,1.4000000000000001
A2AS0GAD99KJTY,2.8000000000000003
A3CIPO7J3UWBUV,0.4
A1170IO0UH0MMR,1.7000000000000002
AQ0YWEW29GSIJ,4
A2HIPDBIQTFGAX,0.4
A3JIYTOFDKUZGS,1.5
ARI1EMAHUA9PO,2.3000000000000003
A1UQ4MC5J2WIY8,0.1
A1YTB9G04PC71S,1.2000000000000002
A1FP3SH704X01V,0.1
A3CPL5WWI6KWLF,2.9000000000000004
A1SSQX7GE8Y9BU,2.3000000000000003
A200VSZL1H5SAB,3.3000000000000003
A3N5RLYH05PY8L,2.4000000000000004
A1LBJQ7K0AW5U3,2.4000000000000004
AKN590VVSTXL8,1.3000000000000003
AJ3HWVUFIJ52R,1.5000000000000002
AVETYUW22KOTK,0.9
A1CIW92DX5V8FD,0.1
AD108EIGGR7TD,1.1
A1OC6IOF1JHM2F,1.1
A1PSGM4OZX6PYT,2.6
A1IYY75YZQW908,0.9
A32W24TWSWXW,0.8
A38S2SS5XNI51M,1.3000000000000003
A3QFQEHXML3K43,3.2
A110JX7PI2TTSS,1
AGEU3VFG2D6HY,1.5000000000000002
ALHS00M2ELPQ3,0.7000000000000001
A3862RIFFUV141,1.1
A2JXPT39AWRES7,2.1
A2DVXVQHR2FYZZ,2.4000000000000004
A3V0BN9PN1W1TU,4.1
ANZKTE853UXSD,3.7
ASLCNTHZIBUM7,0.6000000000000001
A3RW3H202EZIGN,0.1
A17BGEI0PFN2R9,1.1
A3NV8GEG3IEEWG,0.7000000000000001
A2DU0TGJDZWUCV,0.7000000000000001
A1TLNP4SYG1SK,0.1
A33XN877HJX5BQ,4.2
A1T39Y3JB5A3XP,0.1
A2ICVDCUQ736Y9,3.6
A3R8KKND7IBAZN,0.9
A2NBVTY6FLBEAF,1.2000000000000002
A37JE78044N1C1,3
A2FT4AM5JF57SA,1.6
A2JZMV2I0RQGCA,2.5000000000000004
A389LTO1Q8DAKN,1.7000000000000002
A1JPCC3YC36VE7,1.1
A1DK26QAO4OOMQ,2.3000000000000003
A2CMRSH21E25Z4,0.6000000000000001
A1ZSL5ZLN9DLAK,1.4000000000000001
A14GVCDW6L235K,0.1
AFK9ALQK5GPNG,1.3000000000000003
A2ULYTT4RRUUVC,2.5000000000000004
A2JODJDIBUR0Z2,1
A39MO8EQO830XU,2.2
AJ3UAW61ZLOR9,1.2000000000000002
A3BJLOWEAPC92A,3.7
A2LHH4PO6246FB,4.1
A1204EB79M6GBH,0.1
A2BK9RMC0NOIH8,0.30000000000000004
A2AO90MHX69U5J,0.1
A1A3IZ30V2JU65,1.2000000000000002
A2ZZPUA1HNTTCZ,2.5000000000000004
A10MTRQV0061E6,1.4000000000000001
A86CV0UIQQDF0,3.8000000000000003
ALY8YP0DZ2EP5,2.2
A2VVY25E0CWDCC,2.2
A1WAS3R3XS3UP7,1
AI380TE70QWVY,0.7000000000000001
A2Q1AAXZI7WJ36,1.3000000000000003
A44E6YL4URHSY,0.1
AYAU60PCNBBJJ,1
A1XDYW4D4B610Z,1
A19TD2J8506A4Y,0.9
A1PA99NYBHBWWX,3.1
A14NPQJGNAS03F,0.8
A1FO1FFHJQQGWQ,1.1
A36G5EI9AYFUI2,1.3
A3F9IQB0297J9D,1.5000000000000002
A39RJW0HSKAXMU,2.6
A3MYQE53N6PTB8,0.9
AYG8B3ZK9K6E4,2.2
AWNR2FOWI73GL,1.4000000000000001
A101S544A8QE5Y,1.2000000000000002
A3W50TLANC04VY,0.1
AZ2JWHM0QW9FK,1.8000000000000003
A2X5TG8F0O662P,1
A3M0L33TPD346S,0.8
A1GRPIBHW72HDU,1.4000000000000001
AIX0T3DJPNI4O,0.8
A1LQ9GPNGCV7I6,0.1
AEJZUYO6MIV7O,1
A1LEWF3XCAKF39,2.8000000000000003
A13R0HCRV8QWXP,1.1
APWB9BS1SONNS,1.4000000000000001
A1ODH69UXV9GGY,1.6
APTOZCGNUCXPS,2.9000000000000004
A1SMWAYI7070NQ,1
A335FAMV62ZVX3,2.7
A140YK07NHCPOF,1.2000000000000002
AOXC17NGWA6FV,1
A3P74FP62XNVYI,0.1
A1538UZ2M9R1GL,1.5
AZVWH7V65BL5W,0.1
A2FEFIVTBPSLKZ,0.7000000000000001
AXPBPXPFGL1VH,0.8
AF8P3SWK24ZUQ,1.9000000000000001
AAZAJDRFBDUSW,0.1
A3UT4PVIWBLFLN,0.1
A7NZIK6ZH2VYE,1.6
ANK0MRBJE75O5,0.1
A2UHQ8GT6AS2WQ,1.7000000000000002
A3G2JDGJCXCWVD,0.1
AT6LDQNLKTUSE,3.7
AQ2U4H38MELRY,1.3
AJQPWE32MGF0L,1.5000000000000002
ADDGSGO1SER7J,1
A1ADAWW4IHPCQ7,1.8
AKIVKZX0MUZ6H,1.8
AB8XECKH1JO8P,2.3000000000000003
A3H6E37GBW013M,0.2
A3A085ICG2OFHH,3.9000000000000004
A3I40B0FATY8VH,3.9000000000000004
A1U7AXB96PFVX3,1.5
A206MIGUB7AZKQ,0.2
AU5UJIZ3TLI5M,3.3000000000000003
A1QTXDVUDSAMG2,0.4
A36NTNEXBNBIOD,2.1
A2ZBYVQLDUZOV7,0.30000000000000004
ATHS9GUME1XCA,0.9
A014297063OPPUEBTOLM,1.2000000000000002
A20OQSIUHD4KA6,1.4000000000000001
A3VDG4N48AVYGQ,1.1
A3M86VWCENGDWO,1.3
A2ZNOMZ35LKY8Q,3.2
A1DSWRPKTVNHHP,0.9
A3BQK69VG0JT9U,1.2000000000000002
AAQREZOK13OV7,1.9000000000000001
A24LUXW1DB1QI5,1.6
AK0GXG8Y219KB,0.5
A1J9VZ372FV2QZ,1.3
AXDNFSVUBFLNV,0.6000000000000001
A14F0CMEHST22B,2.9000000000000004
A13DD9WSQZ2D2M,2.2
A2W4Z6GVPNCO3C,3.4000000000000004
AIJPLVW0ULYTH,2
A34U7G8SBIW2BU,2
ALDQRWYZ8KQ9A,1.6
A2KDYSLV030FVX,2.6
A3415FKWLN1BEM,3.3000000000000003
A2MJ73YXR7Z2DR,1
A2XQ46TYI8K7SB,1.1
AL4MHSTTFXGN6,1.5000000000000002
ADF1GFTMB5JI4,0.7000000000000001
AZZA3J049G7R5,0.9
A16Y5JEB1EF9CY,2.6
A2NZ4U7L5TG9X4,0.9
AVWO8A2R5HEBQ,2.8000000000000003
A3FUDUZVJAENVE,2.2
A141B3S3ZLY8DI,3.5000000000000004
ADIW4L4IGU98R,0.1
A3S67P1Y2BHY8,1.7000000000000002
AOIR8V07FYMH5,4
AK2XJWYN3PF2V,2.3000000000000003
AOHS348RVOF6D,1.8000000000000003
AFZSPWAOYLWW9,0.1
ATUWQRSJAZQMH,1
A3CPZPBO4698SU,1
A1BRN5PRTOD5M5,1.5000000000000002
A2K7YACG1O9O14,3.3000000000000003
A2G7N0X0PNX0EE,1.7000000000000002
A1ZS03MYBJXSKK,1.1
A2RBVMD2HTBCZ9,1.5
A3NX1SYN0N1H5M,0.7000000000000001
A3TWRQAATUA8E9,0.4
A2RD2O1FKQRYJJ,1.2000000000000002
A1AD0Y30P4D5Z9,0.1
A6ZASU7FQLGTI,1.4000000000000001
A2QX84AOZ5YKRU,0.7000000000000001
ATTRS8TMZH5JX,2.7
A3LEORBLIO6127,2.9000000000000004
A332YE239LQIPJ,1.2000000000000002
A3GIQL92RQFN66,0.1
A3M4SPE1FJVB8N,2.9000000000000004
AJDHPRCJ985C7,3.2
A32L5A59SD6LXE,1.1
ADY44EV3GCW85,1.4000000000000001
AKGIV0FLXDZCB,0.7000000000000001
A2ODZLHU53T62X,1.8
AGIP4Z2528FB5,0.1
A11JIMV1EQESIC,0.7000000000000001
A3CEXDRSG8KB6D,0.1
A3FFBQEVDP2FYP,0.8
A3KIYWC4XU9887,1.2000000000000002
A16965Z4BC93ZG,0.6000000000000001
A11J8RI77AYRV2,0.7000000000000001
A1QUPFE8Y1IFRD,1.2000000000000002
A11DLGQTOOSIWR,1
A11S8IAAVDXCUS,2.9000000000000004
A3RMCVCQKIYV21,0.1
A2G0X9JBQ0XCUR,1.9000000000000001
A3KS349IOPICY7,1
AAS3GYGU055LS,2.7
A2CBF8STL5PVTL,1.5
A2H8COLIKXJRI1,0.7000000000000001
A1ONOW464OZBLU,2.2
A2UWJFY7W6NR2O,2
A39PLYXBQ2FH58,0.1
A3MELYYGRJ61SX,1.1
A2MO8HX46WC0M6,1.8000000000000003
A1UCM4T7TZDUAO,1.2000000000000002
A3VZUPCZB4Q9XW,0.1
A16T6MDKSIH6SK,0.30000000000000004
A3KHSD6AHN8TWB,0.6000000000000001
A2KYK4S275LZO6,0.1
AWZAYVH4GZXPS,2.5000000000000004
A3JG44GC9BIM58,1.4000000000000001
A2L2E6J3D23CN4,4.3
A3HQMQX8ACRIXZ,1.6
AJTPDPN27UCUS,2.6
AIIUR6K06BZDO,2.4000000000000004
A6U2C66WQ7QQN,1.9000000000000001
A5TZ3J8DHX00J,0.1
A1HUTPTR33E57M,3.8000000000000003
A2YDR7Q6S1FXYZ,0.1
AH31QLJ57XC8W,0.6
ANUDIQ1BCX2Z0,1.5000000000000002
A7E09B3C0027X,2.6
A1T3LMVKIUR9OE,2
A1NVF1YLDLF563,1.5000000000000002
A2V3ZD1J4OVHOL,1.7000000000000002
A3ABDY6FIJ9E6J,1.5000000000000002
AH2XI0F2TL6BT,0.7000000000000001
A2FWZ1B6Y2YAX7,1.4000000000000001
A19W7ODDBWMSVK,3.2
A2C121Y92O5H5X,1.5000000000000002
A1ZVJG3BKYHJWN,1.1
AHYXP6QIMYJLD,0.1
A1D8O2LKWIBTD5,2.7
A115PR5C0O03UJ,0.8
A2WHGNG43LF3L8,1.5
A33X52IN60MSOE,0.9
A37SJNXZQPT8R7,4.9
AYXN53TNFG71P,0.7000000000000001
A27O2IILV3S5YS,3
A1TACMOXERVMFX,0.9
A2I76GPDAEWJBB,0.1
A1QX1RYLCFXZJ9,1.1
A1JNHHJGD0ZG1E,2.2
AUEREZF9266BK,0.5
A37ALRG0BRLQQ3,0.1
A2S1ICS5N1X1KV,1.1
A3HFZPC8QR1Y54,0.8
A1A9LC96ZAOZX8,2.7
A1MOMTPZ80MQV2,0.7000000000000001
A3N770LD28YDL1,0.9
A1KPSS6Z35MDC,1.4000000000000001
A1Q7Z4ONZMOODU,0.1
A1MTQP7TA5RCOB,2.8000000000000003
A10O6Q0JU58JIJ,0.1
A174ERVRZ3ITPS,1
A3BDYRNZXZPK2U,0.6000000000000001
A2E3LKD3ELOED6,1.3
A1E235KE3CSO7H,1.1
A3DUQU34Q75QPP,1.6
A341JI9K3KUFWI,0.30000000000000004
A3UV55HC87DO9C,0.9
A2PPALZJJLNM2E,1.1
A2P81FMUV0KG8C,1.2000000000000002
A13XMDCMSOL3Z3,2.4000000000000004
A2YHSJIK5K8ANN,0.1
AB7ZGKRL87OZ1,1.1
A41U8SZD3RJES,3.5000000000000004
A11EL5LWS2L1HX,1.7000000000000002
A1NZSWAW20F73C,0.5
A2393RWZXRWLKI,3.1
A1QMJNJ5FGC09,2.5000000000000004
A14KDNZSWDFIE7,0.30000000000000004
A2TEA3QM86O27R,2
AHY4OBDNT9GQF,0.1
ASIET2HLQXZTX,0.1
AOJYOJGQOTOLJ,1.5
A2JKETV64OU7DY,3.6
A1LKBK4I242PKA,1.7000000000000002
A2KHLJ2F58BEZK,0.1
A3O26FE6GMR3XS,2.9000000000000004
A13ZMMHQFG93RV,0.4
A39F1BTPUIFYJY,4.5
A1J3KQVQN4PPC7,0.4
A2TL53L560W89V,0.8
A2L6S676VA3NN,2.6
A2XKIP0PJ3FJ20,0.7000000000000001
A19C2SO0IMRZ1L,0.8
ACOSV6PIZ2MT0,0.5
A17O2N7IPH16FK,3
A3SLVNLXRO3Q0O,2.5000000000000004
AN7TDMFJ8ODGV,3.9000000000000004
ATMA761YCQLPX,0.7000000000000001
A6BXO4JNQP7W9,1.2000000000000002
ARK2ZTEWQWN0Q,0.9
A10NSPE0CBRNET,2.8000000000000003
A2DAG8TZQ62AQP,2.9000000000000004
A78GHG4WZM1AM,0.1
A1L8ERUX8LJG6K,1
A18QKM5Z69TLS,0.8
A33XAJW8WGY3O9,1.4000000000000001
ACRA4Y46MZXKX,2
A16PUBDNRO1F23,0.5
AJF954955YWZG,3.4000000000000004
A32NNZH63PWU1Y,0.1
AIW4DYB2ND7R8,1.1
A3E0KCSL8EAHZ3,0.9
A2T1OFT6T845KR,0.7000000000000001
A6JKKANO7F4KD,2.7
A3A6NMQUCS807D,1
ARU85TJYLQG1Q,2.5000000000000004
A3DZEICLZNLJVK,1.7000000000000002
A2EHJ92UJUHP7C,1.3
A1RHZY56YHGR88,1
A1X2J73SSA05TD,1.7000000000000002
AIG0EDJTIKU6G,1.2000000000000002
A1E8WU0ER9WT88,1.4000000000000001
AHTIGV6OOXMAK,3.3000000000000003
A3S4HIGHB1IB8L,1.2000000000000002
A2VRW047QIP726,0.6000000000000001
A23ACN86OPU9XA,3.8000000000000003
AJBXUWW66GCNW,0.1
A1BH2V5PHKZTVO,1.2000000000000002
A1OZPLHNIU1519,0.1
A27PVIL93ZMY46,2
A302K8B1H9ISJA,0.5
A16Q72BHJ5HO3F,2.9000000000000004
A3CH1Z6J9R38G9,2.1
A20PE86B4RBAZC,0.9
A2ER0EVZ7E1Z8G,3.6
A1FBEM5WECB986,0.8
A3LOBI8KGKM59C,0.4
A3CRZ6PM9PHNVH,0.7000000000000001
AGP1IXSTAD126,1.7000000000000002
A1P51R2I1JDI5J,1.1
A245CPNDUDHUYX,1.8000000000000003
A2F2K4O3Q34SXI,5.3
A14HIQOEEX24ZH,1
ACBLSTBFM5H37,3.3000000000000003
A1YDQJXMEUVSY7,1.1
A2NL4TJGFXW49O,0.1
A310OLQJR5AN26,1.2000000000000002
A2PRV9S9DR26CB,0.1
AZPZDX26SYMFY,0.7000000000000001
A2WDXNFZWJ6513,1.3000000000000003
A1VS5B3MN6FA9C,0.1
A1RX0U8CKVZUNP,1.2000000000000002
A2HA2C7EP5NMFN,0.1
A3H7QAHWSLB4Y4,1.4000000000000001
A1CX684F5TEO5W,1
A29A8992RAL0YV,0.7000000000000001
AX27MR7AMU52H,0.8
A15QM0DTL65EOL,2.2
A2TZAXWOB3JMNV,3.3000000000000003
A2R0I39QFFQKXH,1.1
AOOLS8280CL0Z,0.8
ADSBJV7NUS3QQ,1.3
A6M77X1LA2G1R,0.8
A37RHUAH74N5ZJ,5.3
A3F4Z018GSKMWU,0.7000000000000001
A1CV6JNS0XRUSQ,1.3000000000000003
A1WL9MIOGR6556,0.1
A1MT2PTYKKLNMP,3.9000000000000004
A20KLFP6JABXAB,1.3
A3H073G4EPBYOM,1.9000000000000001
A2DU76P3SED4T6,0.8
A1X44PCQAEIQ78,0.9
AQKC1VIZAZ6VI,0.1
A1QHMJ1QOJAYPE,2.9000000000000004
A34H7UVYQTC390,0.9
A2Z2S1ZSSSNRKS,2.7
A21SIPO89DP66I,2.9000000000000004
A19UVOSEG8HB7S,0.1
APXW3W5FOGF34,1.3000000000000003
A1O4MXEE00RTO4,2.5000000000000004
A3L10G0QF7UMNN,1.8
A1RATFICCKLCQ,1.1
ASOJJIEKAQLG,1.9000000000000001
A3LFVI65XV1T46,2
A2N4385TBDX3TQ,1
A1XRIEYLA7ZJ3B,0.8
ASDI8IKBMVS2C,0.9
A3S5AA4R3RIEEP,0.1
A171C7B6HHSEGH,0.1
A1X8NIJOXDFOPD,1.3000000000000003
AUFEOA1SGIGVU,1.9000000000000001
A27D5QN7K6J7T6,0.7000000000000001
A1720HSKGQ41VJ,2
A2YAE3LYPRN5U7,0.8
A3G9QRZNUDAG20,1.3
A1BFJF091QROT1,1.2000000000000002
A1L4TKDNG5FE9P,1.5
A3KQ5VHKMFSFZ7,3.3000000000000003
A1X965ABM1YODR,3.2
A2EN5Q5DCJSPRR,0.1
A3ADQ2RLQNJQDU,0.1
A2W9R2UQVQVB35,2.8000000000000003
A1IJ56N5Z4TT46,1.7000000000000002
A2ARY4F0RHGY43,0.8
A2Z8EKNN0X1435,0.1
A35ZSY8DOJER1Y,1.4000000000000001
A3VDVW3KIJK39N,0.8
A23OA477M7Y2QI,1
A1ZZN2IXEPZU54,1.1
A1E3JQKS4PASBU,1.8000000000000003
A22N5ONOWPNZGB,0.7000000000000001
A1I8VAUT4V90YR,1.5000000000000002
A3NA0Y5FD5SDWH,0.1
AT8JOI1566Y77,1.3000000000000003
AJMXUF6G3KDLP,0.1
A9NGV92NLT3BM,2.3000000000000003
A2JOZC57A671TV,2.3000000000000003
A15I5I8WPJZ43O,1.1
A3GA57UJECEHKU,0.9
A2DY9W6TGH4QN4,2.7
AUF64WLSMUPQ0,2.3000000000000003
A1B9H14AV44C0G,2.7
A35N8JUXSZCFAB,2
AUH4FZVLMN9DH,0.6000000000000001
A34KY7WQ8NKVWL,2.3000000000000003
A3M8O363B3IAKE,2.2
A34JKPSBWNK2XX,3.3000000000000003
A110ICG2VQUGXS,5.4
A3Q7DITNWEO0N,0.9
A16Q8X9L7UZSSU,1.1
ASL5JAEOV21PA,1
A2SDTDGY3S0KVL,2.2
A2XD8PR4TGQD5H,1.7000000000000002
A1SUU1QIRDZXJC,1.4000000000000001
A27AK750Y9M9KH,0.7000000000000001
APDDA1Y59RHV9,1.5
A1SYADW28R07Y5,1.3000000000000003
A1ZCP2OQXOMAHN,1.4000000000000001
A32Q6D88MKI52B,1.7000000000000002
A137S1RZ4VDLUB,0.1
A1UN602ORDJ2FB,0.1
A1F8O6BA8AZTRF,1.6
A23JNFJ4ZXBYDY,1
AURYD2FH3FUOQ,1.2000000000000002
A1T643M1P572AA,2
A39H9RIYRB5ZYV,0.5
A1N53V41FMCR7Q,4.800000000000001
A16Z9FSSF1X74O,1.2000000000000002
A13XMRE3EKZ715,0.8
A3A7O8IJMBLF5J,0.1
A1U5ER18WLXT35,1.1
A1PAN54I7HWSZI,1.6
A36PAA8GSL785A,2.1
A3C86OJASQ2HYL,2.3000000000000003
A38W25GHHBY0Y2,1.4000000000000001
A2TLN8489YGY81,2.4000000000000004
A3B9Z2IQN4E4I8,1.2000000000000002
A2RAAV9Z8R6T3X,3.9000000000000004
A2AMJNDTXLZ2YV,1.2000000000000002
A1UMQ35R4FM5ER,2.5000000000000004
ALTN3N48584UU,0.5
A19NTF2XF7BRLX,1.3
A3ORRX01M8S73V,3.3000000000000003
AS4WQG0M3A4NI,0.1
A0953226PC3KOXRE0GCR,0.30000000000000004
AO2MNZUGWB5W9,1
A1UMHCRJJ9ZFDP,0.7000000000000001
A2IVJ2U04ECS1D,1.5000000000000002
A2G7TP0C5413ZU,1.4000000000000001
AEX73SZ7DER4F,0.7000000000000001
A1BYP5OP3OZUZH,0.1
ASZ9TVJH63WK5,0.7000000000000001
A1E3MR98PNWZBD,0.1
A1OQIXAU1SEJ4P,1.4000000000000001
A3NDGIP7TT9B0Q,0.1
AAL9C3HQU74I2,2.3000000000000003
AILWN67BPXPDM,1
A30FIPRPFQRBO6,2.6
A9IPAROGKKDY9,2.5000000000000004
A2Y4UMAUYJM9GK,1.1
A370QXOVNEMG68,1
A1BE5NGDU9B9JG,0.1
A24CNWX2BQA638,3.9000000000000004
A2V995T3ER2ACH,2.1
AY4LR4O9XWY56,3.5000000000000004
A255ELJ8FE59P,0.6
A2V5BVTSQXFQ46,0.8
APU8QVDVUZB3Y,0.9
A305HZSV55ZUIN,0.1
A3N8C83FJ2HOB3,3.9000000000000004
A2G4LBM3K1BEOL,0.1
A1G34TESSXG1R8,1.2000000000000002
AZH99WBG2NS23,0.1
A2CB7WDJ9V6VVN,3.6
A2QLQMJDQ3FHNV,1
A1IO30MPZ8WEYN,0.1
A3U8PLWZQUK09D,0.5
A2JJIYN79SQWT7,1.3000000000000003
A3D8ZG1VV5FO35,0.1
A2GJBE6D4GIADZ,2.3000000000000003
AQT997V0Z29I8,1.2000000000000002
A2I37S7GQR6X1H,1.1
AOHLJ70JAIZTB,3.4000000000000004
A1NVJB5O4H7ZCJ,0.4
A3L459M9ME6WKI,1.1
A3GUZCA3WM6JP5,0.9
A1097WCLVB5Y8J,1.2000000000000002
A1MV8SI9AF0XZ2,1
A385YUAFIBHQDN,0.1
A1BFILIAUVZWPU,3.9000000000000004
AT2VPZ7T3D8I5,1.2000000000000002
AKLBJOHIQESOT,2.2
A1JCY43K6V3MED,3.4000000000000004
AAFAR49RN5TS7,0.8
AQMDDZG37JY53,0.30000000000000004
A2CHKF2A6F4MIX,2.5000000000000004
A16FM6P6BYI5NF,1.1
A1S21CXJ6Y2Y1W,3.2
A1J4INYRDDX84W,1.3000000000000003
A5WWM72QEW104,1.8000000000000003
A30FIJIJ2IJPAD,0.1
AOKJ1FX8S2HWF,1.2000000000000002
A1M28NTUVKQS4F,1.4000000000000001
A1HUHOJYQNDH6F,0.1
A19CA1G04F23NN,0.1
A1DPF21Y1WK4D7,2.9000000000000004
A3LXOUKJ8ABA2R,1.6
A3QHD1OEB8192K,3.1
A344L1A6OU5L0M,1.5
A1LTLWLFZUM1A8,0.1
AC7QPNOH2LELF,1.6
AXHUS8TLNPP5I,1.4000000000000001
A1UU6287ONVH4U,2.5000000000000004
A2Y7FRCRWTK5VY,0.8
A2OFN0A5CPLH57,1.9000000000000001
AE5138F868GYB,0.6000000000000001
A37T1MVUL5YIC0,0.30000000000000004
A289YSSTQL52JC,2.4000000000000004
A2I43BDUPAM00C,0.1
A20PIEBHXCNSRP,5.6000000000000005
A3LO2A14P7D0EN,2.9000000000000004
A2XTJ0J8YHEQV5,1.2000000000000002
A2MQMMCVZJTFL2,3.6
A1LI1FTHHPLV69,0.9
A2C3DMPRMJD80J,0.9
AUPGB7M3XAFVY,1.6
A2SPX458WUI0D4,1
AUOWZ0WY498SC,0.7000000000000001
A16TB6KOY5OX79,0.1
A122MCXOC27LW7,0.7000000000000001
A49A0FF6ZXYDU,1.7000000000000002
A8IZY84JKT9S4,0.9
A7YBMWXXP7C3M,0.8
A3VD1MG63DV093,0.1
A2UKUJUHR1VLBI,2
A8289AEOKHKV4,2.2
A1OMQVGQ5STS9U,0.7000000000000001
AT4ITNSM1NDB3,1.2000000000000002
A2WC99P2MCT85P,0.8
AWLB9JGT1BTGP,0.1
A2NC4J3O2RJ1PP,1
AZB93TK8UL24R,1.7000000000000002
A77OYVAEE5RUZ,2.9000000000000004
A3ENLIC1SKPJTD,2.9000000000000004
A36470UBRH28GO,2.2
AYVXMMPXXG4PH,0.8
A3ATP68QIJ60TJ,0.1
A2NGG3KW6YTS1G,0.1
A1IONW41S7GFKX,1.9000000000000001
A2B8HPIZDKYKDR,6.2
A22VT515WQ4SQ8,0.9
A3MDU0KP6F46FP,1.5000000000000002
A1OO7HI9M9ZXMN,1.9000000000000001
A3VCGGQLXJMKFK,2.1
A2ZS8A0RQUULFY,1.5
A34Q9JGU37OQJM,3
A1TWREBDCD6OZS,0.7000000000000001
A2ZNUY54PTBUD8,1.1
ALU9YIM2C3M05,0.7000000000000001
A8FLPSBF0V5GO,1.9000000000000001
A1NLJ1L4VCQYV2,1.5000000000000002
A1CQOQ2R1M71X5,0.1
A25VF05LY174SE,0.1
A3KIC0UFTOB0MY,0.1
AN4K6BWY7TSM9,1.2000000000000002
A3KNO82DZ519HG,0.7000000000000001
A3N0QZ9ZKUCTCQ,2.4000000000000004
A28QARNNIBI1YP,0.1
A2KMJE72HDDVGP,1.3
A2ERAB4S4YK6CI,1.1
AIZE89ZEBCE7A,2.4000000000000004
A1FXGNL1XM81ON,3.1
A2D98V3ZYWDMJO,2.1
A18V6RXKP4CQP,1.2000000000000002
A1SHLWKA0UH1IS,1.4000000000000001
A31JNO6Y6EI6GB,1.5000000000000002
A3HBAQUU27KCBK,1.7000000000000002
A29JG5MRY861HP,1.6
A11IXZARH0Q62S,1.6
AGT9MCZWXR88C,4.7
A1XHFQKX09Y1RD,0.2
A1KOHXO0BIQB8T,2.4000000000000004
AS0DUKCVN8A6X,2.1
ALAEN70YCNJC2,1.1
A11YS0T8MV3Q7C,0.9
A2RT88YOU8VHKO,1.6
A3617O3LD1WB1Y,4.6000000000000005
A35JZAZK1L9D3Z,4.2
A1NMCSVPHOTPYG,2.3000000000000003
A1TKQ8IHGEVWYX,1.1
AC3KUH19IYLOM,0.4
AUB2I82NRWV29,2.3000000000000003
ANMAPKRHPGWX1,1.7000000000000002
A26GEW209KRMAQ,3.1
A1KMEBRRTN67LP,2.7
A11Q8U6QTT8KGF,3.2
A0094659I23DX98WJN4Q,0.4
A3JWRGGMDWS1QV,1.9000000000000001
A1WQHGU6U0DFU3,1
AZV8213BMVMOT,1.5000000000000002
AIH74FR49U5GF,0.4
A1BWV45RKR6SP1,3.1
A27EV0216FCLJW,1.4000000000000001
A1EU2GVLVPXVQ3,2.6
A3ATU3VULAB7K2,7.5
AKHH4W14A6AN9,1.5
A1LM1SZGGDUB87,2.1
A3TB5CN121ZES1,2.3000000000000003
A22BY2C03MG3PQ,2.6
AAC75K1B67YG6,1.4000000000000001
A1X6N7VH0PP69T,0.1
A2UG0V0C6UCL50,0.7000000000000001
A3JCQ9M1XPH7Y1,2.9000000000000004
AK3H5QRAROFGP,4.2
A3L60SOWLYEDN2,0.1
A3L4ECM9W5XCC2,1.3
A2FUF8Z8WCFAR2,0.7000000000000001
A1EM0SFZVHQYDD,1.9000000000000001
A2GSEVQX5278XU,0.1
A10NGMJ0LUASEV,0.9
A1WHJXYBN0BA8Q,1
A3CGSCTMDOW8R6,0.8
A2N3N96WPWDU5B,0.1
A317ZDKO7VBJG8,1.3000000000000003
A2AAY4VT9L71SY,1.4000000000000001
A2SAABX2NIXJUX,0.6000000000000001
A25SXUK3Z1A8LO,1
A3LLAAURKPVQYP,2.4000000000000004
A2QCDKTLMY4P48,3.5000000000000004
A3NIDLYZOX1QAP,0.9
A1DIOT6SG0NJU6,1.1
A3DTAF1VBEPW2E,0.7000000000000001
A1FDOUTS5CV1YK,1.1
A1R0DIJHIE1LOC,1.3000000000000003
A16LFHWJTXUI0Q,2.9000000000000004
A25R4DE2SAM6ZY,1
A1W733PYS4GWT1,2.2
ANK9AP7A674C,0.1
A1UURQF07IOXBO,3.6
A1HZC0532O70KB,0.8
A2Z4AGKOD6ZOFC,1.4000000000000001
A2B3QM810ZB9MO,0.7000000000000001
AUZNL6ARA1UEC,1.1
A1EM0NU4IIOSNL,2.7
AIHA2LO5TIRRV,0.5
A1FSCMSCM921YY,2
A2B26DMSOG0LZD,1.1
A3OBX0VX5W6VFJ,0.8
A1U7IFPOFUBEJC,0.30000000000000004
A5XQ30GQTHHK6,1.8000000000000003
A4EJNWLWAUTDU,2
A1IV4GOY13UQYO,0.8
A1FVXS8IM5QYO8,1.3000000000000003
A2VAL2BRKVSUB5,2.4000000000000004
A3LCMTWTP7JMPO,1.5
A2FUNB3BUB3U07,3.1
A2EKCV8E75NJYW,1
A3A00UKGHIRCPO,2.1
AVL8NX27320P,1
A29T093JMVSNOP,1.1
A2GTST1AR9CRHA,0.8
A1DL33CNIMD4FO,1
A12S78Z52GBJMI,2.6
A1SMV590JOD584,2.1
A3CXGZFXBRW21C,0.9
A2PLGAESYY1CRE,0.1
A3EHW6DPEYDUYC,0.1
A24F08A7411TVV,0.7000000000000001
APVZGZM1RA3AZ,0.1
A39J73HMH29MTU,0.7000000000000001
A2DVCDDVI697QR,1.2000000000000002
A3QZIWRRJWP1PK,1.1
ASK2PGGBFV4YR,0.6000000000000001
A30G113XRQO3VL,0.5
AW0MG225VXWCN,1.8000000000000003
A1PNYLOKED8FWF,2.2
AFPTH0NPOX2I,1.8
A37AT7MYTZU8H4,1.2000000000000002
A2UUWV3KYUZ5L2,0.6000000000000001
A2SPEITP0H9DOC,1.1
A3CEGD9ITLFUUD,0.1
AV82XILD9BG1E,2.6
A1NRU6IWDB54SF,1.7000000000000002
A10LV6E0UU6X6P,0.5
A1GKD3NG1NNHRP,2.5000000000000004
A3VWEG8J38ZYHQ,1.9000000000000001
A362CV8OOYJA6W,1.2000000000000002
A1PBFDQR599N3K,2.6
A263F4RTEZ3TDJ,3.9000000000000004
AIOG60IGOFV6B,1.5000000000000002
ADI9WQP6XAJR,1.2000000000000002
A3I65SDKOXEG8Q,0.1
ASM6WO4RKN6LA,2
AZXRWSMDC8FJN,6.1
A3JZKJLHZLQM2A,0.1
A5YRC4QT53JRO,0.1
A20YGFCRNDTD6,0.8
A2KW17G25L25R8,0.5
A28EK0EIWKA93M,0.4
A3L4K3AUA2A3DN,2.2
A1C5J40P3I65EI,1.2000000000000002
A2A21EB4RXEPV3,1.7000000000000002
A1QT7BQZVOBSY0,0.9
A1GYKUR7KGUQYA,0.9
A1ZEP6FCIIT97M,0.30000000000000004
A1134W0LP8RDWC,1.6
A2OLRI10JEL4W9,0.7000000000000001
ANO4UVU9I3OPY,0.1
AQ9Y6WD8O72ZC,1.2000000000000002
A3OKWRLKLYVH4F,3.1
A274N9003EN2M6,1.4000000000000001
A10MSB9X1UFLJ5,1.1
AY0BJCGY2DHIX,0.6000000000000001
A3ASK7MW6P4RZQ,0.30000000000000004
A2L366NNL1YG5W,2
A2FCQ5K0T1PYHS,2.9000000000000004
A26HXIQ122VP6Q,1.7000000000000002
A13GUTDMGGZZDL,1.1
A2J43GKTP92XM2,4.3
AVRFWBHLAXWA5,2.8000000000000003
A2VC1UC5Q0E9PO,3.5000000000000004
A37NR9P04QPJX,3.4000000000000004
A1YZ0ETOCJO1B2,0.7000000000000001
A1DCUO2NY4XQA4,0.9
APFG3MM2QU0Q4,2.4000000000000004
A2NYDCQ3Y6QS4Q,3
A2YDC4BUKA9UIQ,1.4000000000000001
AJP3A4R5044QG,1
A3M4RKF7UM5TDI,0.1
A24LB89P1BPKKF,15.5
AOHKINDC6G8KU,1.6
A3BD5EZK3M0X9Z,1.7000000000000002
A1P1MHXUFYXWTC,0.6000000000000001
A3NXXMACEGVNIO,0.7000000000000001
AW1QY7Q83DYCJ,1
A28A7NZUJWGZ7Q,0.1
A2V4ZV1C7T906L,0.9
A2SD89JXU7T1M7,1.1
AUDH0P4ZHJKS2,2.3000000000000003
A30L4YNGJCLVFS,0.8
A53S7J4JGWG38,3.1
A1089UAVQGVMQW,4.1
A13JDB1LY9ZTQY,1.3000000000000003
A1A50UA8YRBYFN,4.7
A1Q3ESI4TUIW36,2.7
A1RSTQ3ESKYCDT,0.1
A2FB9AU7KFMNHV,0.8
A2GECXSDXEF8O4,2
A39HTBZLKVUM49,0.1
ABQ65VUI4C9RK,1.2000000000000002
A2CEGS0NVDBCPT,3
AUEZTGJ0DXT4S,0.1
AJZQ1OX1Y7YSG,0.1
A1REWIYHM77VPT,1.7000000000000002
ARTARDCXLJ5H6,0.7000000000000001
AX2FM653MVSVA,0.6
A74LOI8LCZG0U,0.4
A2PZDIRTCUBZWX,2.3000000000000003
A2ZLXKSXKYASKI,1
A3215OUK1JCUHJ,2
ADJ6HSU1QWJKA,2
A1J6LV7NWDKV9N,0.5
A2A7SNW66I2ZZT,1.3000000000000003
A26TP4HHSINK5E,1.2000000000000002
A3JZAG0YQ88CMJ,4.4
AE88X1TG8TAHN,0.6000000000000001
A27IWSZZLIS3NJ,4.800000000000001
A1Q6WMXXRR4IXD,0.9
A2Z7W25ZQ8PENR,1
A2A56XB6YTRFJ9,3.6
A3RX5Q1O5MSGYP,1.6
A1BAEFJ2OG7NJ0,1.4000000000000001
A1F4TB5AD4LKLO,0.5
A1L0HUVG03XYZF,1.2000000000000002
A32LNVRHDOWZNU,2.1
AAZNZCUE64B2Y,0.7000000000000001
A27LR932J8F67W,1.1
A2H7MAB7MRH5VR,1.3000000000000003
A1N1ULK71RHVMM,1.5
A3I41ZTM8VR30X,1.3
A2VSSEYL8GLO89,2.1
A39YZG9BJIUC94,0.9
A19G8ONKY3FQNM,0.8
A19NGUFGC7KIGW,2.4000000000000004
ARCH1ORFURZZZ,1.1
AFWJ8KSPU1T3K,0.6000000000000001
A1YYMDPNUSI6TP,0.1
A3NKNOE5HIXXL,1.4000000000000001
A1F22YDRUUIZS7,0.1
AK3JMCIGU8MLU,2.7
A2LBH2X1DIWOD,0.1
AK5OJB1FN8I2V,2.3000000000000003
A2RSG8IMB0ZOB5,0.7000000000000001
A2OZ51DRZVS3S,2
A12PRTUB056SAK,0.1
A28FDHF2PY98K1,2.1
ASEICZAPBWSEV,0.8
A2ZGAH6NOSU2PO,2.2
A2SH17MQ49KCSO,1.4000000000000001
A28OGF1KGFBYU8,1.2000000000000002
A3OB4WYRTLMT0Z,2.3000000000000003
AZNIEFUIVB2H0,1.1
ATPULVNPYPFZG,1
AKWIRTRUXO6R5,0.1
A3OMY0O6JUXAXL,3.7
AFALUZ9511OVV,1.4000000000000001
A2ZA0LXIJZ1Q6O,0.9
A2M2WHA77ACWTX,2.5000000000000004
A282D1111CTH37,1.9000000000000001
A37502M5WQ6C6T,2.2
A10G0V9R0U5OR,1.3000000000000003
A1U5ACJ9XEKPL8,0.6000000000000001
A3J6650P8O9GXI,0.8
A3EL1CTJWNCY2O,0.9
A2AL314Q3BUXXL,1.3000000000000003
A3ATDT4QK6HQX6,0.6000000000000001
A2A26J0H5YQK9B,0.9
AUWQ4PWHPZ7C5,0.1
A367GMQ1MK9N0B,1.5000000000000002
A2AJSEYVBTRBB3,0.1
A19WXS1CLVLEEX,1.4000000000000001
A3T9VK1D3IWL9N,0.1
A18SDDK4COY4PV,3.1
A1KZ0KE93WNN5O,1.1
A1BNGJBEWJS8WE,1.9000000000000001
A2696QWP2U4021,1.4000000000000001
A2OTEPSLQHLUYV,0.9
A3PB5FGPDR2U11,1.5
APZ96S6I5QG2C,2.6
A2ESU57RU5RVT5,5
A2A03JWPWA1MHU,2.7
A37CE37LHUN8M6,0.7000000000000001
A1UG9D6DY5EWLK,0.9
A2Q6MC6KYS6M6K,1.9000000000000001
A84XWOR4YIH2R,2.8000000000000003
A15OFKSPXEV95T,3.7
A1UBXBFSS3O8K,2.8000000000000003
A1AD0XP7UTCMY2,1.6
A2176M1ORXZOKJ,2.1
AVQGY7FCU80XP,1.1
AWTBENF2BL2IQ,2.5000000000000004
A2CPWLPHBVOR0C,3
A2DC8T3FC4TP33,1
A2I6YPPQK6BU09,0.5
A29GJGXFU9BQQG,0.1
A35P3396DDWKTT,1.5000000000000002
A1Z1SUS640S7P5,0.1
A2ELINCNM0Y37L,0.1
AZ4O1FARVJ7B3,2
A3UQGYS2W1LGAC,0.5
AU54VTK0TYV4M,31.500000000000004
A30N7QXF4W4VCM,1.4000000000000001
A32ASWHLCI1CWD,1.4000000000000001
A12SNTNP43V73F,0.6000000000000001
A2YO2QOJ31RQAV,0.8
A1N35VV9QURKHX,0.5
A3TEUFO8SAKD1E,1.2000000000000002
AXTVX0Y7CYNQ3,1
A36OBCINZGTPKD,0.9
A30EJC3CES8072,2
A5GTLOTDQC648,0.4
A2H18Y2JQAQ65E,1
A3JDNGDSCE26NY,0.9
A1PHOM7ECO6UBU,0.1
A21RM8JZ9RMA2J,2.5000000000000004
A2VLK57ZQ2YI28,2.6
A1G5EPLJEGL381,0.9
AXPRNGJDK9QTP,0.5
A25FJAJGTWFMP,1.4000000000000001
A3EEGNK5UKN9KE,2.9000000000000004
A3GO56JAHRU2Y1,0.1
A2Y8CTOLND2394,1.3
A34S4MNB9TTJS9,1.1
A3HQXCWOIQKT4F,1.2000000000000002
A1F9KLZGHE9DTA,1.4000000000000001
A115UFR6VA6OM1,0.8
A319K0FNHMV2PA,2.2
A3TYDM7KZOYBH3,1
A5Z0QUBMH9HY4,2.7
A2VIKCIM9TZL22,1.1
A29K16RKAY6MOV,0.5
ACZCWDWJF12DK,2.7
A15R4L3EO5EAI9,1.1
AFPP36038S720,1
A3VMQTOW4WCZ29,3.9000000000000004
A1BM57TUNAQIXM,1.8
A3SEZKKY4AK5BX,0.5
ALJX3F6AX6WON,2.1
AUIRZWDQI6HX0,3.4000000000000004
A85NRZR9RYCUS,4.1
AZ2HZXO2JMWPQ,3.4000000000000004
A390TAQDSFEBN9,1.3000000000000003
A1X47H6DNE0VYD,1.7000000000000002
A3ELT4XRJTCNKL,0.8
A1ZF2GZ2ZRV8OY,3.7
A3PZDJLZUDVJMT,3.3000000000000003
A2U5MTACHGW7UT,0.4
A2YM9Y5ZZ3MHPC,1.5
A24E737D0977EH,0.8
A1TR615HGENX1M,2.1
A2AUFOPKR5W8YZ,4.2
AAV25KL0QP1P5,0.7000000000000001
A2H4SM7PEAK10H,1.3000000000000003
AYIALQ4U55T0Z,1.6
AOHNC4BA94ER6,1
A31XT6RPLN6359,0.1
AYF3Q0HDR8VWX,1.2000000000000002
A1P6LFEAY9MWAY,1.2000000000000002
AJ6OZRP814L5L,1.7000000000000002
AHZ9JQD71RTRD,0.30000000000000004
AAKBYJD64R6K,4.2
A397HP5TSIF2LO,0.6000000000000001
ABGFBUCWV7C23,2.5000000000000004
A2I3IM3RJO2OL0,1.5000000000000002
A23M2TOY51PM9I,3.3000000000000003
ANS7S6PUWTLF7,2.8000000000000003
A85VH89JLUUTP,0.8
A2OO4PG3LBLP5I,0.9
A2P3UQZWK9Y3B3,1
A1AIOC950ECVUM,3.2
AGNY040P3CNN3,2.5000000000000004
A391UNZPWPIU8E,3.3000000000000003
ANNC98X9Z771Z,1.4000000000000001
A2LU3430Q972IN,0.1
AFRJKS3Z3H4CA,3.4000000000000004
A10HR8I0P5PRTU,0.4
A1LK72MZIUGXT8,1.8000000000000003
A2TKHXY755FAM,0.9
A2CUAZD7OJDFYR,1.4000000000000001
A1FSVE7X49YV8Q,1.6
A2OROMUVBD1NVC,1.2000000000000002
A3HKX5ZYAWDKIN,4.2
A1YYO9SJRZ6LUY,0.6000000000000001
A3FNC8ELMK8YJA,0.8
A3IR7DFEKLLLO,2.5
A2T4S8WUN9JP9J,2.7
A1XSHUDUMQ4LI5,1.1
A6TVHYD5TE4KK,0.8
A27Y7BEOOOQMK4,4.4
AOE2BL3E572XL,0.7000000000000001
A2O8PM0T20UZE3,0.9
A2T9IQ7ZS4772X,1.3000000000000003
A25JCONBDMMQY5,3.5000000000000004
A1E7J2GP3ZOCBD,1.2000000000000002
A34YVX4JUTBORI,3.4000000000000004
AM65LGXJBTJ0I,4.7
A24L8N11KZWFDM,2.2
A19P7S5OYZS61Z,2.5000000000000004
A2SDB8EW9EYKET,0.8
A3FSDD8Y9V7NCX,0.9
A1QPJHT1JHH810,0.1
A3VAMGVJGP83K9,1.3000000000000003
A1NCWY01WAAP2K,1.1
A3PPMO2Z2B348J,0.1
A9JLQEN9J5WL3,2.6
A1IIF95II8FISQ,1.2000000000000002
A3LN0QNXBM6NRM,0.9
A30MHYA9X0P72Y,1.6
AKTZ16NAJX3PL,2.7
A47UVNSR0PBHV,3.4000000000000004
A3JURQMNNA4OKD,0.1
A1XBKS1U674XFA,0.1
A21J8P4FV3RW3D,1.2000000000000002
A1NLP66FKHBS4V,1.1
A3NJ9TFD27F49J,0.6
A12VH3L9LN2EOF,1.7000000000000002
AXMPSUNKUBEIL,0.9
A5NBPVQRJ3SLI,1.1
A3FAQHVPI8OUP0,0.1
A3NTD3OOLIDN8N,0.7000000000000001
A3MSO7EBQQWV5Z,1.3000000000000003
A1Z20TC9GHBBQM,3.2
A2QPMJ4GADLUW2,1.1
A1PNQWE4UAI1P2,1.1
A2L2Q8AOGK0NWF,1.4000000000000001
A1X8YRYS8MBDWX,1
A1QQ29O3ZWPSJJ,1.1
A3KCG6O1OOK3Y5,0.30000000000000004
A3843S9LWPDN2K,1.5
A1CMDCHS6TMIHU,3.7
A3KO37A5YDSV05,2.1
A1C1A02LRDH4CV,0.1
A31WYNBU4IJPSV,0.6000000000000001
A1ZPIPHM272LO8,1
A6FOS9PXBU1UV,1.8
A1RE4CXDQXFQG7,1.2000000000000002
A1G187YBG0DVMQ,3.9000000000000004
AM7KUJM4MQOBM,0.5
A36XTKYLP4IRDN,1.7000000000000002
A33JM6GE72SBHV,1.2000000000000002
ARJL9F7X382BG,1.4000000000000001
A3RKAKM10BMYOT,2.9000000000000004
A3RF20H5MA4OZ1,1.2000000000000002
A3MNL6RIME0845,2.5000000000000004
A33B85TN97HQ33,2.9000000000000004
A1SEWCSSZV12JN,0.7000000000000001
AHHDX1XOVHAAI,0.5
A1MIB492BU9KIQ,1
A1R8N2H84B9RKW,0.1
ALTNUOX55Z8GS,2.2
A210NOCSTBT4OD,1.7000000000000002
AWLVQUE4BC71Q,1.7000000000000002
A3O76ERNT1N6BI,0.8
AU1XHCLQL2G00,0.1
A3O4XKCVGK7QRD,2.5000000000000004
AL9JUMMNJRNRF,1.4000000000000001
A1DQPM5CVDL4Q5,2.4000000000000004
A27KBQ20UZKCXS,1.7000000000000002
A3PUU1XU4C1A3V,2.2
A3GMRPF5MCQVGV,2.6
A11LNK1U3DT08V,3.3000000000000003
A23HLFYOV789GV,0.5
AVRD9XYKPXSY3,1.3000000000000003
AYR1UT32659T0,1.2000000000000002
AAJ1ZQECDZBEE,1.3
A3BY7M6AVT0RGS,0.7000000000000001
AKTQD9Y44G495,0.8
AMOKS63LG2OZ,0.5
A3R93NB2CPSTVQ,0.1
A1XBX8BHZAS5MA,2
A121T4P5NKCHCS,1.7000000000000002
A24EYMUIGY8M5O,1.5000000000000002
A11F3MA5FWH6SJ,1.9000000000000001
AB00GMG2QCPE0,2.2
A2GZNOA5CIVKUB,1.2000000000000002
A23Z8G9ARHNM96,1.5000000000000002
A3QUWIT972BYUH,1.2000000000000002
A1K093QDET7FBH,0.8
A38DHLB88V8DL8,1
AALP4034U041N,0.7000000000000001
A2MAFM9LD9FBIH,1
AGG6I61OP7MXT,3.1
AVGN8K8WNCGFT,3.3000000000000003
A1IFFDHK4UMLZA,1.2000000000000002
A259KYKXPG7VZ2,1.5000000000000002
A1THXHPVWVEWNZ,2
A28APJKWR06OMJ,1.6
AYW6H3GAHFDRG,2
A1XORPAAGNMISK,2.1
A3GEYEPOHA33SP,4.9
A1JSQ6NAPGOXXU,0.5
AWF1YQFI3H5TN,1.4000000000000001
A189OY9QEDBF9H,0.4
A25BHQH5EM2086,0.8
A26PGX6EBPZ8G9,1.2000000000000002
A2NXDGNJXC6KFJ,3
A2WX434EAQOE29,1
A18MWAN4YV5BKN,0.1
A3DKM1KM4C4G05,1.2000000000000002
A38IH5U8105J8,0.1
A1SJAMQ8ZA7WBZ,0.1
ATHLFA51224QW,1
A1DXSFFL5HZ1NX,1.5000000000000002
A21VSWO39YO5KM,1.5
A1UOIJJQTPB7M5,0.2
A7SXWHGK8B40R,1.6
A1XLMA9D8T9UDI,1.3000000000000003
A3CF8ULBSE8MTL,0.9
A3D943YJI95XZY,1.8000000000000003
A2PKNE8KM0M324,0.8
A2O3IWIVOZD4S7,0.1
A1146WDQA6H78P,0.4
A3GKS9K5ECT93V,1.9000000000000001
A1A1SNYVXN6KHJ,0.4
A3P2LT53J1GUBG,3.1
A3R98EUOF1B2M1,0.5
A35VA8NSI67Q8,0.1
A2FMRU04FCQC65,3.1
ACGHHDT7RY1AH,3.1
AW8JVJQNLTXND,0.1
AJAPJJTISC36L,0.8
A1TWVJS27CL3KT,1.6
AMT0E8J2I4J6B,1
A7Q4KKVLKDZB6,1.3
A1QC1K71RGKZBI,0.1
A1UTN872NUHB39,1.7000000000000002
A1FMVUYV72MUO3,1
ADA2JDD1YJ1O5,0.1
A34W01PT9BQRPC,1.6
A2Z3O3JOAM2306,0.7000000000000001
A2TC8D3Q2ZOJZ9,0.5
A2RP63BBH737HD,0.9
A31RWQTSFCNYF0,0.9
A32BJ0DEC1RPCU,2.7
A1RUTIQ9QTLSSY,0.1
A36T4UBLY7PC5B,0.7000000000000001
A3LL096CAY5WHB,2
A1Q3FR553QG5G,0.1
A3W3TEOEEF4Z3X,4.3
A38YLXHJTSE5VD,2
A3ATOCSLR8ORHP,3.4000000000000004
A1B9DG2CEXAZ4L,2.8000000000000003
AO8CK33B3EQJ0,2.2
A258IQXX7F3Z8O,0.1
A1UWA0ML4YD5HB,0.1
A3HOBJ4PJUOCUN,1.2000000000000002
A3OHRFXPEKQMIE,3.1
A3BP890CXV4UMN,0.7000000000000001
A21EJWA14YMY79,0.8
A2ARHKF050NROD,1
A3CHVBVD3VIA7Y,0.8
A1H7TJDH948CY7,0.8
A14EYTLSMJRPUK,3.6
A2WC2NO555XU3J,4.9
A7FA4ZUL4Y7Q9,1
A11G1TGXX3YS24,0.5
A34GH9SAZ3NAGE,1.2000000000000002
A3I5ZQI3WP7NS4,0.9
A28BWXVCFZI7EU,3.3000000000000003
AM6NPZA9Y1BFW,2.8000000000000003
AZGRAASRZMZJH,2.3000000000000003
A1KSHS9BL975F5,1.1
AFFP9Y5FJCIAO,0.9
A38O6UGFEYI7Q6,0.8
A6NWYT9S5MNE2,0.9
A1EF9EB787FVQ4,1.2000000000000002
AN5Y0FF1P4J4K,2.7
A34SCRE20A7XV5,2.9000000000000004
A26NGLGGFTATVN,4.6000000000000005
A2TWOX3S22NNGR,1
A346D39BCO8MBE,2
A144OK7GGOQZKS,0.9
A1LRJ2MQD4AMES,2
A15OFYKJOW5N0B,0.5
A2N9AKAOR17XB3,1.3000000000000003
A1C0H8G0YI15MN,0.1
A1A2X0T1XE8K89,6.5
A1JV64BL3WCK0G,2.6
A2MJ0X6M3VSFVN,0.8
A333TJ4H6MIW3I,1.4000000000000001
A1VFSNVFK883XU,1.1
A3QJJR5Y3XE92N,1.6
A1GD7ISOXO1XFZ,1.6
A3HL2LL0LEPZT8,1.6
A2U4JCTILX14EC,4.2
A134Z0KUOMR8CW,0.1
A1NZY7X64EW2S,0.1
A2KSTAL197VTU6,1.8
A2L7ZP3ZLJEDGK,3.4000000000000004
A3EP1E33TM7L1G,0.9
A11ST9LLMHHIF9,1.2000000000000002
A2TUY01XGABKFI,1
AM4RUMMB8CE8L,1
A2R99C67XALYWC,0.1
A2HR7ZIX42FEPG,1.5
A3GR1NRRFYM5O3,1.5000000000000002
A2SMLOSMEF0ST8,2
A2IU5TX5S0FA1C,2
A3Q59ZWE37WE7V,1.9000000000000001
ALCN1X8JQEL5E,1.3
A39L5W9N08RN33,2
A2059LWRZ9H545,0.1
A2JVCD9RHYTZOC,0.1
AO33H4GL9KZX9,1.5000000000000002
A39ZKJ0C6GTS83,1.2000000000000002
AXYBD17YS6CEG,0.30000000000000004
A36QLBY4J674NK,1.9000000000000001
A3LL0WTPYIHK0E,1.6
A2WO6SGQGS5SEM,0.1
AS8JG1LSWTMGY,0.4
A3J09OV5M8XCSL,0.8
A2O0B9KWB7RSTO,0.5
A2QZ0R3SS9SR8J,0.7000000000000001
A35QZFRG4FKK3Z,1.6
A2EKCMS8IKV57N,0.9
AEOZZ0KYR4998,1.3000000000000003
A253TBOD1XPKUC,0.1
A1EF9MMF5GNBP5,2.6
A1W4QIYLPKH3Z7,0.1
AFEQUE4KQX61P,2.7
A2SV6TAIJO32BX,1.5
A1CYNQCAOYTO85,0.9
AYUBSG6FZ9DVU,0.5
A3FPRD1XQCXJ7E,1.1
AG2ZZGJN44HB4,1.1
AAGK0OGCPC7AK,1.4000000000000001
AUZ3YWTVBISNH,1.5
A2J1A9GE02VQHR,0.5
A3I9FTHSULHPYS,1.5
A2NQO8RQIG3D0C,1.3000000000000003
A1B1J0BQ44ZV72,0.9
A354DBQRJRODP1,1.1
A106LB21ID8QY,0.9
A2NSH29LJ2V3SL,3.1
A3K2D2ALH4IQWH,1.1
A1XDXQJDVS2J7D,2.4000000000000004
AV4584AQEQAEN,2.2
A1KM3RO255T3T6,1.9000000000000001
A83GJEN0ZGXPX,1.7000000000000002
A31CCBBFUBZMSC,0.8
A27RZU4QAY4F60,0.9
A12AEHQFD7IQWO,0.7000000000000001
AZ9DV3WK42UO1,4.1
AHSXMZBNS9BPA,0.1
A3FMW1DP0PTF55,1.4000000000000001
AG6JSZQZOT8ZD,0.1
A3D2KVZO69GSX4,1.2000000000000002
AD99207Z9ZCIT,0.9
A2FRKLXGF4118Q,0.30000000000000004
A1PHXBQLFQ2BAB,0.7000000000000001
A1DT7XOW0ISK0K,0.9
ASFQ9G5I1CGE0,0.7000000000000001
A3NE6KCYCQEKNC,0.8
AV5FCKI1TTSKR,1.3
A362KR2P99LIKI,1
A3VXI8ULCTDL64,1
AK491PLS3GRCF,0.1
A1DZMZTXWOM9MR,2.9000000000000004
A3KLHS8HGYLM93,1.3
A2GJCL7GRXIJ7R,0.9
AMZIAETHYXGGQ,0.9
A2P5UUGSWI9OFD,1
A1HYFB36R5PI0T,1.3000000000000003
A48WNR6C4CI3J,1.6
A21KGPIP2Y7HHS,1.9000000000000001
A12UOIO3KBRF7M,1
A25CZJEFKXF4UV,1.3000000000000003
AXEXQBM7B2QT9,1.3
A2OILB3NHQFTUK,2.7
A2TDK0LD62WZ8Y,1.9000000000000001
A1BIENE9M8DX6H,1.5
A2GL0TVU3U5ZBG,0.1
A2G4LF9B21Z28Y,2.4000000000000004
A3SS0C4IVTSIFL,1.1
A1F8MH33EFT5VQ,0.1
A1OT63CDEHOY8U,2.4000000000000004
A1E7IRBPHID9JC,2.3000000000000003
A39K5MR4MCSC56,2
A25FHFTKE1TYA5,3.3000000000000003
A3U75S9Q2M4Q97,0.9
A1QSZ72HLCL1HX,2.9000000000000004
AFKRTGGADK25Y,2.1
A2TG7EEQ2XG2IK,2
A3IJCDUFWJ9XRO,3
A1285YNS8FULI8,0.1
A20WECK0YBMQAO,1.5
ACXEEM1J2SGP7,0.1
A23JA6ICO4BPQ5,2.1
A2OX8TSRCU6NKD,2.7
A2MXPX406ZQMQK,1.5000000000000002
A3MLEHL120K5CB,0.9
A3M996A6GKROVU,1.9000000000000001
A17VFFLYIG6LZK,2.6
A1MPZLPNAYLJKU,3.2
A3492HL94OVDR5,0.1
A36PRTZFECB76C,2.3000000000000003
A2R4YLY67H1TVH,1.1
ASCTCB5BHNS43,3.6
A25FH7PXC446RG,0.8
A37DZ189TLKB9O,1
A61VUJBWZSFFM,2.9000000000000004
A2WG1LHAOXASOM,2.1
A2F71CXYCHJBPS,1.2000000000000002
A1SYZWSIIYN6SM,1.1
A25TKNJ16CVAKK,0.1
AIW4MOSSRNAWC,2.7
A2FGSQJGVQCMG8,2.5000000000000004
A3G3G7SCD88G1J,1.2000000000000002
AZHAEAUN4XD7J,1.3000000000000003
A2HXINMX3WHD1U,0.1
A21E2SZ36G5LJ8,0.9
A2WITNAWNFT67B,1
A2SVTMM8UQV1CB,0.8
A1QMY3S0CCXK48,0.8
A2SY6YZIY7NJ30,0.6
A3J5I5NP3NJI84,1.3
A3QSJY1FFN0N6V,2.4000000000000004
AK6R0OUY19Q4K,1.4000000000000001
A3IYUN2EWCO16R,1
A8SBNNQR35WX9,3.2
A2BPD7YAWI00VN,5.5
A16L21AR8X012,1
A3HXEV518E9PZQ,1.4000000000000001
AOPL2J1JY287S,1.1
A3NG2LZBYUPLVR,0.8
A37QFZ8I1TGH2C,1
A1AOHX6PDWESG9,0.8
A16U531XX8DY39,2.8000000000000003
A2RMYIOPD70KF6,1.8
A2N40WV4GT6BRY,0.5
A1ABEYJZL14EDV,2.8000000000000003
AKOL40KW5ZRG5,1.2000000000000002
AZK9OFVWBBDAR,0.7000000000000001
A3EB0TWXHO6WI,0.1
A2QL4VR0T6MTRM,1.3
AMNFTKDZS37SI,2.5000000000000004
A373NR9E0JSTK9,0.9
AP9M4LGBH8FYM,1.1
A320QA9HJFUOZO,3.5000000000000004
A3R1L6ID6NE0LU,2.3000000000000003
A1GHBMA8LLSGRF,1.4000000000000001
A68J20100VW4W,1.2000000000000002
A321WQIFK10UV3,0.7000000000000001
A12PFUL07PA6NB,1.7000000000000002
A3TE7X39D7HJPS,1.5000000000000002
ARC2G3YBTBIX4,1.4000000000000001
A37LMTGP9S8IE8,2.6
A1JVO7FLPATHUB,1.9000000000000001
A34FFFROPR98NA,1
A31TXJQH5S8SVQ,1.3000000000000003
A1QJV5CO3Z4DHK,4.3
A1X7PC5PH6JWIS,1.1
A3AA1L892OJ81M,3.9000000000000004
A35NDO7FN8SA6E,1.2000000000000002
A1S1K7134S2VUC,1.5000000000000002
A2PZ5DB9WQ7UNZ,0.1
A33MGY3JVH7U07,1
A2VGEE0ZIZ8CBQ,2.6
A1WLJJ22878BPA,1.2000000000000002
A270A8MZLYEBL,1.1
A26LOVXF4QZZCO,2
A326WOXXK2ZPM3,1.7000000000000002
AKKREGUY1BOQY,3.2
AZBMI3AC3C94O,1.1
A2XQ3CFB5HT2ZQ,1.1
A1RF7T0DE51BKN,0.1
ANX7HSRJL4IYC,3.8000000000000003
A1BFS1SH3CKO04,1.9000000000000001
A15E9S40NWABTH,0.1
A11ED29FYJKV2E,0.9
A2WPKP73S4MBLK,2.4000000000000004
A2MWBFGSAZMBUR,0.7000000000000001
A2P71A26J6T6EA,4.9
A2DGI29UJ7U97C,2
A20LWPT8NPJZM4,1.2000000000000002
AK35CJJEYFVYK,3.7
A2HJ965VWK2HZ1,1.6
AWCCHHQYRFM49,1.1
A1PYODCHRF96S8,0.7000000000000001
ADQEDEGVPG7R,1.8
A1U49C39LH1SO2,0.1
A13OHDWN9XSCIG,2
A1PBQJ7J2LTPT1,1
ALY5JSA0FD4S7,1.8
A8UYDXMK8HHQK,2.1
A377XK6IL7G4YH,3.6
A2KGOPIZ0ZFAKV,0.9
A2G7F8S617H0BB,2.4000000000000004
A6GZ38EKJ07T8,4.4
A39MOCMDRIOSJM,2.2
A2N533GEQEZ7ZB,0.7000000000000001
AJNB5L3X1VXQC,0.1
A2GMDT6REFSR16,0.8
A9AW4D7V9KXET,0.6
ANMFHQ3TYM46B,2.6
A2RK3W1GHYLED3,3.7
A35ARURSRU6UAZ,2.2
AZ79FR04OLJX8,0.1
A26RO8GGTQAXGG,3.1
A2IHEHELV8JJZK,1.3
A2UYCSSWKZRG67,0.30000000000000004
A29IJYXR31T226,3.2
A38NYF6R4GUR94,0.9
A15HCM2AMX95Z9,1
A3FTB0N4U7ODJ8,3.9000000000000004
A36TQ2HC60YO3R,1.5
AF18OIZ0GWGP2,1.4000000000000001
A9MK3VLKHHXJ6,1.6
AMGXPHWO147JX,0.5
A11H31X2XJH13N,0.1
AUQEZT8Z63HP4,1.9000000000000001
A5JSUI6L53506,0.7000000000000001
A1PSHSYF4WCZ6X,1.7000000000000002
A196XR61DIW5GU,0.5
ALK8IERMYHU5J,1.6
ABL68TJ10C3Y3,0.1
A1SISJL5ST2PWH,1
AVX76LX3RHZ18,0.1
AHV4U78TUUDKI,1.3
A1SL72YBUW8Q8K,1.2000000000000002
A114W7WQSH1UK8,0.8
A3FS9ARMYUQS3E,1
A11KD38SP95G4L,1.7000000000000002
A10VC2DIMC7K7L,0.6000000000000001
AMUV60QYHNUR3,3.8000000000000003
A1HHRFU7T42HMJ,1.3
ANHMLZMBMWP3Z,0.1
A2CUST5RXVF09H,0.1
AW7MY0Z5N1LTI,1.6
A28WTW360AS5T2,1.4000000000000001
A1ZRK6K5JUPJAV,4.4
A39WGGJ22N4S4F,3.5000000000000004
A2NOA2YRKVTIBQ,1.5
AB8BRFF4ZTZ40,2.6
A31ROTF8L1BK80,0.6000000000000001
A1JG6VWSRSGY4F,0.8
A2JFA3BX43WRB7,3
AM5B7MAYAE7VC,0.1
A260AFDCSXBQOH,1.8000000000000003
A23137AH0MYOE3,2.5000000000000004
A2RBG0G82ULSZC,1.8000000000000003
A079789010EVSPIBCSWFO,5.9
A36XMGX5Q63LNM,4.2
A10Z4QVBJIA914,1.3000000000000003
A1QZVG14DDFSP3,2.2
A1MDU87VQLY8J,1.5000000000000002
ASNMT3I94HZ44,2.6
A2XUSD4DG9YHT9,2.2
A3LKQWCM1KITOM,1.7000000000000002
A3CAF7LTD3ORSG,0.6000000000000001
A27PL9478CGV95,2.2
A2S6TH54A4TTZ8,0.1
AVENITGHT2TVF,0.5
AGEHUMJ73CEX2,0.4
A2RLRQUIEOE4FD,0.1
A30VLAIIJIG5IS,1.3
AKZ1KRMTFUPRB,1.3000000000000003
A3W3FYGMP7VLKZ,3.3000000000000003
A25H7A9OEECXM1,1.3000000000000003
A3LGYE6WNGEF9J,1.1
A3PR8IJCUQ0V2G,1.6
AK2YUQUFZN1L6,1.1
A1F33PWODESS7J,1.3
A1SIV4J6S4CJGD,0.5
A2OQMY85Q2WY68,1.4000000000000001
A1N8TKTLXV92QR,0.6000000000000001
A3JYTZMZXF2TIB,1.6
A379NA2KA5205U,2.6
A1IG8F14AYEGW9,0.5
A8CHA5VSC5KJR,1.6
A39QNT9PQCP5KA,4.3
A1GRLZL4F72RBJ,2.7
A1771KCK8PHRX6,1.8000000000000003
A2DUKWR9I6FFZV,0.6
A10SK6OT1R59LA,1.5000000000000002
A1FNZWSR0C6I3G,1.3000000000000003
A38ZLNCTSUGW7,2.6
A183WYXN12P2TJ,5.1
A1CYBYGWLZI29A,2.1
A7RP6S69ZH6FP,0.1
AG6VQZK2PX05T,0.1
A11OGIKK5UL6QP,2
A17J7LP55044EM,1.5
A288J7MYC2QNL8,0.5
A22DCIH6QJOSKF,2.8000000000000003
A31Y2UA2LPDSWZ,1.3000000000000003
A2QFU3KK3ZZX3T,0.1
A1A9402JQBA2AF,1.4000000000000001
A1C418BN1FLX11,1.7000000000000002
A16P3CQ3XXI3WK,0.1
A345OPR8H0YE42,2.3000000000000003
A3R2QG8IZA0Q2F,2.6
A2EOMP0EJUE36Q,3.2
A14Z1JSAR9JEON,0.9
AE0B7PF4PO5K7,1.1
A2EYC78O0JLB3K,2.5000000000000004
AJWFA2VB5OVVN,1.9000000000000001
A1OJSFSGE31WQG,1.5
A31VJO7VTSJ3N4,0.1
ACYH2RL9NM7FS,0.8
A1N0D7925N0060,2.3000000000000003
A3IP5SDFSHF1R0,1.3000000000000003
A17OSPGV41FZ7P,1.2000000000000002
A38A5P4SMTW8YG,1.9000000000000001
A2GZ8V9KBR27JZ,3.1
A2PTX1CQ7K8HEQ,0.9
A2J6S7QR4CGXTW,1.3000000000000003
AOWW3URQNRJ6U,0.1
AGKCK081EU63R,2.1
A1IL81UMEC9OJI,2.4000000000000004
A4J4GGMKJ68L0,1.5000000000000002
A3LFNEJM75ZBDF,0.8
A3PDOZ6I8PE9ZK,0.7000000000000001
A1VVR9MA1P9HWJ,5.1
A24WQ0ZEGXHX6J,5
A1SHGDH7Y1CASH,2.5000000000000004
A2Y344XH3UDJ9B,0.1
A1GHRITBU5P383,0.4
A11SDQ8ZAJ8D24,0.8
A2DFXQ3QVQ9ELH,3.6
A6L1T2OIUB7U8,2.4000000000000004
A3T9WZOUQGE2UW,2.1
A3NTBETQNE60L0,2.6
A37D9OM35NCKKV,0.8
A2BX8RJDS9GYZ1,0.1
A32XODQOC2CCDG,1.6
AAENPSHHRVW47,3.3000000000000003
A2IE11ENGXNR3M,3.6
A1CE5G48ELWN0F,0.1
A31Y5JUQMVAGOB,0.1
A3COKL7K5AYZGG,0.8
A39J25SYQRXE82,0.9
AMFRU7V598WU4,0.1
A3KFU1B6FIWK7N,2.5000000000000004
A14PFRHG0A2YY9,0.7000000000000001
A16CFI8QK47N77,2.4000000000000004
A3VQGKGEB8TF8T,0.6000000000000001
A2R1W2DTQD17CO,2.5000000000000004
A1OA4IW422FPKD,2.3000000000000003
A27WNFBJN048KP,2
A2VW7J642FVN9Z,0.9
A3FBIZSCV7SYO0,3.7
A2V65KU947HIDL,2.5000000000000004
A3RPOI8EEOBZRR,3.3000000000000003
A1505ZMMJAAZE1,4.7
A2N9Q1IHLP4LGI,1.7000000000000002
A3T3WRVSK1N2PR,3.5000000000000004
A3VHRHTMI4GKRX,2.1
A6JTBYCI46ROJ,2.5000000000000004
ABJGKVPL5WF80,1.7000000000000002
A3HL9MS8DCD78X,1.4000000000000001
AX202KJQR2DTW,3.4000000000000004
AVV570T9JZVWM,2.3000000000000003
A2IQPCAZH3Z2YH,3.6
A2THN8O1IQIRP7,2.4000000000000004
A1T21AFJP4COSR,0.7000000000000001
A1Y6WEHVDE54CH,1.3000000000000003
AZTDNHWZFZ0DY,1.8000000000000003
A2IE6N4H90SM8,0.7000000000000001
A5YJKF009CHJG,1.2000000000000002
A2F1MA4PBSRW83,0.8
A1OPXC9LR38EV0,1.4000000000000001
A3PIUEQ7I741R2,1.2000000000000002
A3GCYGO7UPKXO9,1
A2Z174OB9A4306,3.4000000000000004
A1FYWSPNO7KN1O,0.1
A2FRB9PPE1T5ZT,0.5
A1R3GL71O3AXAY,3.1
A10Z5MXZ8NBFGU,1.4000000000000001
A1339I3ALOFXT1,3
A1G8ALEYYJI9C4,1.1
A2NYHRY8ELO4FW,1.2000000000000002
A2LL9DOZAW49IJ,0.8
AJQ4W9GKZAWMA,1.4000000000000001
A1ZMXWYKWSH0I8,3.3000000000000003
A3L2VS3998R77L,0.1
A2JJ3531QBNT5K,3
AYED4VXWSZETE,2
A23D936C6QLI2D,1
A2EX19ML8PJWIR,2.5000000000000004
A145JLUJION1KO,1.8000000000000003
A2QIWWNL33VJ3J,1.2000000000000002
AZNH5PWSO6U9A,3.3000000000000003
A14ZR4Y55Y47U0,2.1
A3DIISD224GRPL,0.4
A1PROY06KPZ2LK,2.4000000000000004
A2W6JTMPQNG2KM,1.5000000000000002
A2QLSFIIS3U2H2,6.3
A2LLKGCZETGPQ6,1.7000000000000002
A3A29L3AA9FO4G,0.1
A1TVVMOSMD45U2,1
AT5RMRZ0YU1RT,0.9
A2FG47R5I9M8U0,1.9000000000000001
A1LOUTL89EK5NW,1.2000000000000002
A1EBQ9X6IN5OZC,1.7000000000000002
A27LBC1BLA2LHR,1.1
A3SROS680TA485,1
A2EH7IQCDH2Q5D,1.2000000000000002
A1FQDFM7BJ8GTR,6.2
AGBW9W637YQ6C,3.1
A2ZO7JHT7TO59V,2.3000000000000003
A3CLBF224TRYC9,1.3
A281ASP4WWAN3E,0.8
A219UA97DGVB5A,1.9000000000000001
AK1GE19RT3PK6,0.1
A1KJI092IOCO8Q,1.6
A20AJDHDI21ID8,2.4000000000000004
AH8MIRVT1PJZE,0.1
A3MQIWEN8M5N1Z,3.3000000000000003
A2W434UNNBRS4L,1
A8BGHKGBA8O33,1.9000000000000001
A7HC0PA06TV7I,0.9
A3M1B60SBIP62T,1.6
A1NHQ59G0I4LQT,1.9000000000000001
A1X6BV7EG3HU8A,0.1
AZTYIBLLB60V8,1.2000000000000002
A28AXX4NCWPH1F,2.2
ARHM06ZVMD66V,3.2
A1S2EXYEG5I8HW,2.3000000000000003
A1OSBPDYPJU3BX,0.9
ANSAHYSIL2RI8,0.6000000000000001
AHC93QS2XG6M7,0.8
AXP9EUIBIXSI4,0.7000000000000001
A3JWOB5IEJCDZC,2.2
A2OKWUWYQBDVPB,1
A1PJUYJ7W2LKKQ,1.2000000000000002
A2A8F2189DUO97,2.2
A3IOJ9KHFZ1ULR,1.2000000000000002
A197CVGP5OG90I,1.2000000000000002
A3M5WHI52YCHZ,4.4
A211P7C2WSMSD4,0.5
A1S45LXUUWTU5,3.1
A1R2VTQSLGLMM9,0.1
A294YZNIEHEIKO,1.1
A4XYCIUGXRTFY,0.1
A3MI1AYOKEIIAY,0.5
A14D1E21S8VT6A,2.9000000000000004
A1UBPCYN94T6KN,0.8
A3F2ZF1UE5PN1S,2.2
A2OZGNW6THEMJ,1.1
A3TPOFKTMF4JH1,0.4
A2DAZ6GEZZCNPY,2.5000000000000004
A3P0P0DRSOX52W,0.30000000000000004
A10249252O9I20MRSOBVF,1.3
A37DTVGS7RX6AG,1.9000000000000001
A1F1OZ54G177D8,2.7
A16N5SKPXZW6MA,1.6
A163XFZG5BI0XU,0.1
AR149JH34I0RE,2.4000000000000004
AVBRJBJONL47I,1.4000000000000001
A2GMJDN71TY568,1.1
A1QS5GTICZ4J0S,0.6000000000000001
A26K8OELA8ZDI9,2.7
A169WH54HMYS5Z,1
A1LGVAOEP77C1P,2.4000000000000004
A1IIG0590PRTHZ,0.8
A1QUXD1OWQ51UG,1.6
A3T18RZ21A9O9H,2.4000000000000004
AD8O93V8EOZYF,0.7000000000000001
A1OKFYVJTEK4BI,1.3000000000000003
ALQK2KUT72D2,1.1
ADVCIFLB5A9B,2.6
A1ITEGLA8ZQ8TL,3
A3ROYUO9LWA22S,0.8
AQ7K7JKQ8QG84,2.1
AQJL8VURU34A1,1.8
A2F36YYI5U6AF4,0.7000000000000001
A2IFXO71MXB9GK,0.6000000000000001
AM0QVBV8L6QCJ,0.1
A29E32MWE9CE40,2.8000000000000003
A2KWCQK2UEW3YB,2.3000000000000003
A28NJTAES9CFQH,1.4000000000000001
A288GWDRE7YW48,1.2000000000000002
A1KA97DH0ZM0GK,0.1
A3V236UP0VOYCH,1.9000000000000001
A3M1NB4QMRIUFV,1.4000000000000001
A2OY7ULZ5CYPDE,1.1
A1SK77UV16VAHF,0.1
A3U01JD1ZRRHPL,3.1
A1EX655HLB0NS4,1.7000000000000002
A25JWCZ841P9WV,0.6000000000000001
A1KXYURHCYHKOL,1.1
A1BK15QBL5758M,3
A1SLTQXRMZBQSB,3.1
A1120QQ2UZ1KYL,2.6
A1SWV4X4PD25S1,1.4000000000000001
A3DLL6OH4RABYB,1.8
A1BZNPQ0H7ZSER,4.3
A1H33W679MJD2X,1.5000000000000002
A3246QU7ZDBXE5,1.1
A2RBJF01XZO1L5,1.2000000000000002
A3270FW40DQISH,0.1
A3FDSQADGUY42E,4.1
ASB83F0JJMDZ9,0.6000000000000001
A3JQ4I8MYB03MW,3.1
A12J889170QHK8,0.1
AAURS65ZO4SXC,3.9000000000000004
A20SXG1DHDIDI7,2.4000000000000004
A2UPMRZ5OPQTNP,2.1
A1DKVUTOBPQH11,1
A3JFDR56EC72BW,0.5
A2P3WX5M6VW4VZ,1.4000000000000001
A2SURMB5BUU88,2.7
ADLI3EQYVFGLD,3.4000000000000004
A2T5M93NYLSGRY,0.8
A207IHY6GERCFO,2.5000000000000004
A20KWU6IJJX5AT,4.800000000000001
AGSTNWHT8ECY1,0.7000000000000001
A1KZA8QEYAQ3FD,1.1
A9KUDJIUCERON,4
A1UXSPA640D4HZ,2.3000000000000003
ABXL9SD1N6ZQZ,1.1
AR6CG5786DZ8K,0.6000000000000001
A3ETZVRL3KZO4O,1.2000000000000002
A37SLQRKOALNV6,0.1
A364Y06XOIVPZQ,0.30000000000000004
A1VJ4ZOXP9PUCP,0.1
A1JED1RJM2C9MS,2
A2IBIIR9LQ0E3B,1.1
A3I55L67X0MWC4,0.1
A1BCQ6V4DIWN1B,1.4000000000000001
A11X7IVSPGSPQY,2.5000000000000004
A204Q4T20BP8V,0.1
A6KOTWP7N7RLU,2.3000000000000003
A2U2LICYDFMI00,1.7000000000000002
A13XQZ3464NIJX,3.2
A38EMARW218692,1.3
A2LZPLBCR55EOH,2
A14PHEHXUQ0HTN,0.6000000000000001
A1LR0VQIHQUJAM,3.3000000000000003
A2CUF46E1APCQJ,3.1
A2XSJVDWB4M6C0,1
A30MP4LXV4MIFD,1.1
A1VWBIIM9VTHML,0.9
A2D456R87NP4S4,0.9
AU5MEWDCIN6S4,2.6
A3DV82BTWL6MQK,2.2
A216JBRQMEE9MC,2
A3A5KTVA3YGBE9,0.8
A1WT72I4EWZPZH,1
ACL7PBN5XCOPP,3.4000000000000004
A1UDXWEE2TMKXH,0.1
A398M8CZ2BI77Z,1.2000000000000002
A3PUS764NDKP1Z,2
AI4DZ4FGPCLSU,2.3000000000000003
A9YFEPJW62N8U,1.8
AWC0LS6HBM94C,0.9
AG6WV3WODQ7IN,1.1
A2HSY3F7APV8P4,3.7
A30CGO77OY7WP0,0.30000000000000004
A3EGV6547B8F0B,1.6
A2AVJV2HSJ6KW,0.1
A3W3J12R8UM21Z,2.7
A1OOCYEFLAJD98,2.8000000000000003
A2R869OMW2FV6H,3.2
A3E3LU8ZC5NFD9,3.4000000000000004
AEO7GE0CN0WFU,0.1
A38ZLHQKD09JMM,1.9000000000000001
A1JCKAOZCEYUFT,2
A3AQBMB4BJTNJQ,1.3000000000000003
A1PHTNZ62338BP,1.8
AKEFKW60VJJXR,0.8
A1PSVGP6YMSK09,1
A1OM5XBL8WFRH4,1.9000000000000001
A1L6A8WKYIVYYU,1
A16335MOISDG1F,2
A6FDO4NJS24RK,2.1
A6PPB69C6ZJHN,2.1
A1JO6AY55FG7QU,3.5000000000000004
A27ZJYMGCXA9RE,1.2000000000000002
A3MSAPUSX83D8P,1.2000000000000002
A1B8GYI6D690QX,2.6
A17OC6U5TEJ1KM,3.6
A24HG5ETSQ39EO,2.1
A286ZTHWVCNEUL,1.2000000000000002
A2VW3ZV1T7S7AO,2.2
A56TWAXG8WGWM,1.1
ALQXX5PB6L8YI,1
A3HAU0OCL7YSRA,0.6000000000000001
A29SAH3AP7HTSS,1.2000000000000002
A101TTS7WAVXAV,1.1
A10LHWALI4BZPC,5.3
A30KFZ037789F3,0.1
A1H469VSFUZCPB,1.2000000000000002
A2Y4KJNEU2GVPM,0.1
A1IK5L733Q9JV,2
A1CE3DR200PXSS,0.8
A140JKRQOG93BA,2.9000000000000004
A17VJGXGBNEL9E,1.3000000000000003
ALY2W6WV7XCLW,1.2000000000000002
ARHBT4K14I7U,0.1
A1H4MYPDJ2K3VI,3.1
ACZIFY3KZDK87,2.2
A3J72C0SIACZBS,2.4000000000000004
A1JKG2JLEUK3LJ,3.7
AVAJTAKT73XOO,2
A2UVU67YCD4D4A,0.6000000000000001
A3OB72U0VMYFDC,1
A1VBC58U3N5OFH,1.2000000000000002
A33I17JEFZ925P,1.4000000000000001
A1FGKIKJYSL1MI,2.1
A2UPH4QRPS0J4G,2.2
A2VU2OAVQAH23P,1
A3IO4P2AU6NA18,0.1
A2RL4D8SMLP2IH,3.1
ACSS93E03ZUGX,1.7000000000000002
A1NKN404XEG9B3,0.6000000000000001
AP8OG80OLCCMC,3.3000000000000003
A2X81BPNQWSHR0,1.6
A1XCE4QWZ9ZCC2,0.1
AKNLMYN8PBAQ7,3.3000000000000003
A1T429RLLFTG35,2.6
A1FUQIDCR4U4QQ,1
A348V2TDOBFD0L,0.1
AEMKB98WAW7YA,1.8000000000000003
A1O5K79THRN5ZI,0.5
A1DPNDZPMX83BH,2.6
A1N3J21E6L4VVO,1.6
A3503625JEYO1I,1
A122LRCSBAD6DC,6.3
A1C5SQZ045W0L5,0.1
A3MF45BRXO6WQ6,2.1
A26F0938CIC8IV,0.8
A3G5IPGLH1IIZN,2.7
A2T675UCHNTSSW,0.1
A1YLDKSTRGAPHN,0.7000000000000001
A18WPTVQPM9LBH,1.5
A1LSQXRX64F90G,0.5
A1H4GJFI4NJWKV,0.1
A399GYOD60WD7M,1.8
A2H6Q22X1V1FTX,1.3
AFC0LK66HR5MR,2.4000000000000004
A1DCC43NTK4OKT,1.1
A2JEQ2V5FRMNLC,0.6000000000000001
A114BI84P0M4R6,2.4000000000000004
A11FHRIUGW7NFB,1.3
AK64TN2OEBAV7,2.3000000000000003
A2SO4O8XWUGS4A,1.4000000000000001
A24I5N406D8R22,1.6
A1CMMZ6AR7NOOH,1.8
A31X0DD4OF9E4,1.6
A2B58J84CCUN6U,1.5000000000000002
AMHSZPFIQZKCP,1.3000000000000003
A3LX4S6ODU2LA5,0.1
A3TMQO6MJKP270,1
A2X5KP7W9DBZ8,1.1
A1DWQO9X2ZQ35G,3.5000000000000004
A3IKFI142RM8LE,3.1
A3P5GTRX5JVZ9V,1.8
A241OXM83X8OYF,0.1
A2J1ANUL0BYKUK,2.3000000000000003
A1B6IVKNBDKQ7K,0.9
ARSK5MFVR1P59,1.5
A3J0U7HIFPPSWV,0.5
A2ZZA230PGACGX,0.9
A2H4LJ4CXZQ304,0.1
A243C0D59TLL7O,0.6000000000000001
A3BLJ6QSDTZC9U,1.9000000000000001
A147QJNRYI5GM2,1.7000000000000002
A37IG3271D9NMX,2
A12HLLXWOQJ14Q,0.5
A3R5OJR60C6004,3.4000000000000004
AA0Z3EFJBVXEA,1.9000000000000001
A2FV2U7RGBVK2T,2.9000000000000004
AY8FDUWAFBY8Z,1.3
A3TPCXJD1H8UNY,6
A39Y2UOHEAD0DT,3.3000000000000003
A2Y7YFX3A6X7TV,1.3000000000000003
A39SZWO6WVAJE7,0.1
A2G4SFWOSQMXUY,1.3000000000000003
AMJBPEANFZDMH,2.7
AOD6ZKN5XR1H3,0.5
A2APG8MSLJ6G2K,0.1
A10QZC063IGNSU,0.1
A1SLCV4PLYB9GE,2
A1NL4YZWRX6MBO,0.1
A26KR6FBEFJ9YF,1.7000000000000002
A2CEYQH4UDNIEV,0.9
ABL2FXYMI00T6,1
AKHG6ID9SN658,0.6000000000000001
A1TEVUU2U1VYYV,0.7000000000000001
A1AXN8VOE1LBL3,6.1
AKAM01E1R4KAF,3.9000000000000004
A3KOS76MAJCM1L,1.5
A14W0AXTJ3R19V,0.6000000000000001
A1GTYHV8OYQQLV,0.1
A1614EW9OY4IQ0,1.7000000000000002
AKWI425VATYJM,2.6
A2YPPV19IKTLWS,0.1
A2YGCQC8VDHR4N,1.5000000000000002
A3DPBDWP9KEBRE,1.1
A1N9JDMMCE1PY2,0.6000000000000001
A3KX59MS32B5L1,3.3000000000000003
A1P7SR0R2B60C7,1.1
AFTSLCMJASJDR,0.8
A3RLCGRXA34GC0,1
A3W51UU781HG5D,1.6
A2UCKZZI9KBBCV,0.1
A1D9GIQNCBH33B,1
AJJ42OO4VM3RG,1.4000000000000001
A3UE5B5KN7AY9W,1
A3FWYOGYM4ESVH,1.8
A2EIQYUSCVZTML,3
A2UB4DIAFXKIKU,2
A3UN1P6COG2PQF,3
A2DA5SD0IQEPBI,1.3
A2O9G1UGZYMIG5,1
A15R30WNGKL1KW,0.6000000000000001
A399IFWJHFJDCC,2.7
A79XOBCSS4NTG,0.1
A18W4LA9HEQ0W6,3.2
APIMRVTG43CPH,1.9000000000000001
A1ATL3G98SFW4V,4.3
A129GA7DAJESE2,1
A24HMSHTD7VSYH,2.1
A3UQFRQ6JKOVO9,1.4000000000000001
A17TLDNMY6UBP,0.1
A26ZGP2V4T81HL,2.7
A16184N1RO5OJV,1.7000000000000002
A29X8O4NTCE4EP,0.9
AGTVCSOSCM867,1.2000000000000002
A2NB6PR3T6AONR,1.5000000000000002
A10T8ENMK1XOK4,1.1
A16VFS1KLUJGSI,2.6
A340FMNO9WJG4J,1.8
A21XK5IYR0XA5J,4
A1MRBRFII0P21Q,1.4000000000000001
A900IL3F04SFE,2.5000000000000004
A4VYKJP11EQB9,1
A6W0BC36U0TUS,1.3
A26376A6PIQ58H,2.2
A1LKTRE3A9C0NG,0.1
A1UZN21EAN1HZ4,1.2000000000000002
A435RD4BLR11B,1.5000000000000002
A34930YXVQ8SUT,2.8000000000000003
AWKE6RGEUSYZX,1.6
A1IXWWGMZUVSGO,0.1
A2DLV3WN24WTDS,0.1
A3QDZ935V5U31J,1.6
A1ZK3LRUC4ICY7,3.2
A34OBJP7DD6MWZ,1.9000000000000001
A13VKDUD8TWMX1,3.3000000000000003
A26ZENZ5G8AEGM,1
A234UW0G9PMSCC,1.4000000000000001
A1HA2QE41J7ZVA,0.7000000000000001
A1R0689JPSQ3OF,1.8000000000000003
A33VGSEJ44ORMF,0.1
A74IW1OD4R9QS,3.7
A8ITL6CLFFQG8,1.1
AJLDSGP50KH96,1.2000000000000002
A30WQVAO6L3RWJ,1
A2R93PYKVU2YS,1
A1OZ5BB2L44KG,3.2
A2ZWDODSH0R3O0,1.4000000000000001
A3MF31JQ350ABS,0.1
A1HK32MD7F0B7F,2
A6CVN7CSC1K26,0.1
A25MZY0FNQAK5H,1.9000000000000001
AKRD60WVX2YBH,0.8
A2FWRZLIE1I60V,0.1
AZ4MMVSAY9L3X,2.9000000000000004
A1ROXYH1B9NFLH,0.7000000000000001
A1MP2GETEETIT7,1.5
A23PQPECIUVKHC,1.9000000000000001
A21Y4FMGKGM3ZU,0.1
A1CQAS2V0PGXY9,1.4000000000000001
AWBXHIHEYDUH6,1.5
A8YS9CR6LM7Y9,0.6
A135S73MSNYHNJ,3
A11BACV6DY5S8M,2
AQ6L1X1AZR6YL,0.6000000000000001
A3760PCQD2MPIO,2.3000000000000003
A5CIHEPULDFUF,1.7000000000000002
A1IXVLVC0BEBNA,1.4000000000000001
A1YFF5WD6OMA8Q,1
A1JNFGN9K5BVFR,1.8
A2MZFKG9BRDXYJ,3.1
A3JWWL42NDDOXR,2.4000000000000004
A3IJ7SO3Z5PGT1,0.1
A3SR92821CH9B2,2.9000000000000004
AVKMFV9CZ0MLR,1.3000000000000003
A3TE25KF41CLT7,3.9000000000000004
A36UZHVNGAP6R6,1.5
A2VX8B1CJXRN2,3.1
A161AJDHLJVCLZ,4.1
A1Z1O6MMOB3UWW,3.3000000000000003
A1IYHQPPOACU83,1.7000000000000002
A1S624VSVI32QZ,3.5
A9A2CGPAF83U7,3.4000000000000004
A2ZBDSR2LZNVAE,0.1
A7A3TKU1YXIIC,0.8
AT79ID7O6DI9O,3
A2KXS2T29ZL7UX,0.1
AVTLWWC78O2VW,1.3
A29JHVT7AT9M8T,1
A2ILAQ1PWDBZ28,0.30000000000000004
A3FF0JJBUSBGAY,0.1
A2B7SPYBPF7H8I,2.8000000000000003
AWVA1S0I4003,0.1
A2PI6RY9USPIRS,1.4000000000000001
AJL4LE8JXFQPK,0.1
A3ESDD3E3ZDK2Q,0.1
A3SZ5EYLO5ZQ2D,0.8
A2N50QWQQ2N0NV,2.8000000000000003
A28674MVBV4RTR,1
A3LDDPI03H6ECQ,0.9
ALNWDMKR7Y03U,1.1
A1ZRMG13IZ68Q2,2.2
ATZTNQDBCYYQA,0.1
A1X1SOI48T1C6E,2.3000000000000003
A3SGNQM48GJDN3,4.4
A2BLP3G105MLH1,4.4
AH11KAGW5PNN8,2.7
A2P7GWHUZHKYRM,0.1
A3U0WIOM1CDKC2,0.1
A2SKOPFTRTNFUY,1.4000000000000001
A7P324L1TFL19,3.1
A2X5BXVLN7AAYF,0.9
A37B34HMFNYT9,1.1
A3GAQNTZ1V1VO,2.3000000000000003
ARQ8PXKYRL90Q,2
A2YBCMO0DONQVS,2.9000000000000004
A12IHTKQFQIPD1,0.9
AU3FVB8OI5C44,0.9
AGRQAFDCB6WTN,1.4000000000000001
A2IC2PVR57RY5C,1.3000000000000003
AHDL55X4A4Q1R,2.5000000000000004
A21ZVGNX46502X,3.3000000000000003
A3NHBXYOMMJ2W6,1
A2YHOJLEZR8663,0.1
A3EW39G36AQRUK,0.8
A2FH9URCUYZDZF,2.3000000000000003
A1MO4AROPZJDMI,3.1
A1GQM621CT6SL7,0.9
A1ENU4JYFPOYHO,2.7
A2SLEMDA17XTZ1,2.6
A35TZ4YGDSXSEC,4.7
A1ADA9FI2GXG0H,0.8
A6JUD4NCQCDWG,3
A24U8YRM7WXRNT,2.7
ASCBDA9UZWQA6,0.1
A1HMO9XPRPUPWJ,1.2000000000000002
ANVXAMUEBGV8N,0.5
A1JJYY622DGE5L,2.4000000000000004
A2Q8Q1N2C3SVNI,0.1
A3DUPRZSMU9W5R,3.9000000000000004
A1Q1C5FVVYB2UX,1.5000000000000002
A1PJS0WPS343E2,3.4000000000000004
A2BNOEYZ3VRW2R,0.9
A22VGT2F28LTWC,5.3
A3HECMU8FLICCR,5.7
A10TS41EP3XANY,1.1
A29DRJOX4EGFQD,0.9
A1VT1353MNXA9X,0.4
AU5FXW94DCPK9,1.6
A27FOMQDS3R6ZW,0.7000000000000001
A13P6LC1SFXYGS,1.5000000000000002
ARUL62EHSJ4MC,1.3000000000000003
AOJD8D9NXVAR3,0.1
AMPR904VJJFZY,1.3000000000000003
A237F8I5UDKP9C,0.8
A1ULHABVQOHOBA,0.1
A3K8RMYHHGISUI,3.4000000000000004
A314KKX6ONDO9O,0.6000000000000001
A1EIVUU0RIGPFT,0.5
A2WTTEGP6KM17,0.5
A1K4FKVCBTX1RN,0.9
A3FF9WPUMVKSGH,1.8
AN4P0SU1YSPF2,1.2000000000000002
A1J19UOHNI0UOC,0.1
A1XFZWOOLJ1CGL,0.9
A25ABX8GG5CFX8,1.1
A3Z014JO91RTM,0.1
A1GK0LTZM9N7E7,2.1
A1AZA8QXESRW3O,1.4000000000000001
A194Z6PSS23NMS,4.4
A3I9F6T3T1MFA,1.4000000000000001
A1CQE8RZUO2SL0,0.1
A30AGR5KF8IEL,0.9
ATQ63HI4JANJO,0.4
A1B1I86LIA4OXU,2.2
A302KOFOYLD89A,0.8
A1AZTE5W2MF1TU,0.1
A3MT0X609G68XG,2.4000000000000004
A3CBXTRSEYLVOF,0.1
A3CXJYIMHHVUZ0,1.9000000000000001
AV5DCU1VH5S34,3.3000000000000003
A3S55KFRJBKOVS,2.7
AL51KTD0WITH9,1
A29CR7XAVHZI5E,0.1
A3QA0A6GZ004EK,1.4000000000000001
A1QFP1B7YIWR5R,3.1
AZ3V43619QGJX,2.5000000000000004
A2QFNRJNY1POP9,1.1
A2L3X4ZZ0J2DZ2,2.5000000000000004
ARSFLO1S5Q3X3,1.3000000000000003
A39LHS7WXAGMTD,1.3000000000000003
AI4AO0O0WIJF7,2.4000000000000004
A3MDBXJ9HTBTS8,0.8
A13DHPKBQXN9R7,0.5
A29KGJC1B7MUCA,1.3000000000000003
A253RKS1MZTGFU,0.7000000000000001
A1JRNNCMEW631Z,1.5000000000000002
A3PRQ2GSU42718,1.3000000000000003
ACKC1OWU8DTFU,1.2000000000000002
A1GHGZ5UT4X5HX,1.4000000000000001
A294RACAMXLFNU,2.5000000000000004
A38I0E8UK53ME5,0.1
A3CGQOJC28OVGN,2.1
AB0BPJ0CY4H9P,3.1
A3Q6ZAELMW0F6M,0.7000000000000001
AH4F86UVP4C54,0.7000000000000001
A1ZTZ2NI574R9P,1.1
A13HSR88OUNIVP,0.1
A3LIX6AM5QM235,0.7000000000000001
A2RABP508ZMDRV,0.8
AFDWXY4ZACVQM,1.3000000000000003
A2BCOAV0LQZALB,1.4000000000000001
AMA4SXSYNC35I,1.4000000000000001
A2OSK04AGTLY6J,1.7000000000000002
AS2L8ZHB630Q3,1
A1A7HKFWGH77QH,2.4000000000000004
A3EKKEZ21SGJEC,2.3000000000000003
AEF5B69YZZO6B,2.9000000000000004
A1U8RH67FLZW87,1.6
A243H1RTE5GP,2.7
A3KQEVMEPXAIZY,0.6000000000000001
A32GGHVM2WI33B,2.2
AIR4YWDDONXUX,0.1
A1CLPHG1D21L3A,0.8
A1QFQ2ZTIKSIY6,0.1
A2H8HVANGF4A58,1.4000000000000001
A1TWKQGO3U96VY,0.6
A142CEQB2DL3CV,3.9000000000000004
A3959GYL1Z4EO0,0.5
A7NYDMF5BMLB7,2.9000000000000004
A1G0DCI49XWWYF,4.2
AA2DL92P02APY,0.6000000000000001
A2Z5SA1J1XN84J,2.3000000000000003
A2TVG2HLMKVMSL,1.2000000000000002
A2RJH6BNYH39I7,1.1
A17NJB8Z9OM8TL,0.9
AGTV2SNFKXB11,1.4000000000000001
APBL0D4SR9TRG,0.8
A2Z6EQWA4XJQGI,1.5
A2PLVB4I0XWUJR,1.6
A1M8UXCD7REP6Y,0.1
A1N8BW04V76ZSY,0.1
A3T4P34RYJ4CJM,2.5000000000000004
A275Y7QAIV92RD,0.5
A3RHJEMZ4EGY2U,1.7000000000000002
ANXWWYVFEM9QS,1
A3D5248VL6YI8H,0.6000000000000001
A1R741UF8ZDRBC,0.5
A2LPP288NK76W4,1
A2C54JB2A8I1YO,1.5
A2UKE5M4IZP49P,1.1
AVKE4WTQZAZCH,0.1
A2WZTMXWD20NYE,1.5000000000000002
AI9QOT5C5DN1P,0.8
AB5QVTNGQHI8J,1.6
AFVY38VJYS1ET,0.30000000000000004
A2O8I5KDFW41DO,2
A2PGHU7W4RGTR,1.1
A240TA3WEYWMU0,2.1
A1WRINBMKV7CP6,0.7000000000000001
A2LEY4X3LD8G26,1.5
AWKP0M7G5BBCC,1.1
A1KAM5ZQ964VBE,1.3000000000000003
A2XR3KS390FWET,2
A1RC2ETLOSZGP0,0.6000000000000001
A3OZ288I9CBLWF,0.8
AM0OOW43CHWFG,3.3000000000000003
A2YR34IWZOBQL5,0.5
A369M2LCUO9HEE,1
A1FLEFIVFT809G,0.1
A21PM19KMCUVFN,1
AJ3CE3PZMTP6,1.3000000000000003
A11DJHOJ5CEV4A,0.1
A2Y7EIN0185UBK,0.9
A23NOE8LDFM1AC,1.6
A1ZHZDLHCBKPK0,1.1
A33FHPNY6ZWUUM,0.1
A2QX3YJXAAHHVV,2.5000000000000004
AHU6E85FP9FRO,1.1
A1PLCOHMYDFHSA,0.6000000000000001
A28D26KEPSKMWZ,0.9
A8V0L2YF8U6OX,0.6000000000000001
A19MNFI7HFHDP3,2.2
A2ULONUOC5Y6DX,1
A2EAIMII6MSIO5,2.5000000000000004
A186DC3ZYPQGE2,0.1
A38IZLCH8VYVFK,4.5
A1MF8IRLW6YRF7,1
AO1QDHYFLS7XT,0.7000000000000001
A1ZJDBN0F7R5OJ,1
AMZZ3D0GQ55KD,0.7000000000000001
A1JAWNX4R60ZZ0,0.8
AC9Y3YIKN3Z6A,1.4000000000000001
A3BNGX8P7EJMM9,3.9000000000000004
A1DUPOUC9RNU4L,0.5
A1KC342L9WAQ2,3.4000000000000004
AFRYR0I0RA971,1.8000000000000003
A1G0C7Q2N8MFOD,1
A2AY9FXPXCAC5F,1.8
AWWR9PY50W0Z9,1.3
A4BILFOXWQ1K1,0.1
A1MFK7TMLRJPDA,1.2000000000000002
A11A9P82LT2M0H,2
A272X64FOZFYLB,5.6000000000000005
A1H1TKK54YG94Q,1.5000000000000002
A1KRO0JWU6LT0I,0.8
A3LN3LPE3IEXW8,1.5000000000000002
A36ZRUGMKQA5KO,1
A36SNKUPZRJMHX,2.1
AAHR82X0Q8MSK,2
A2XILSQJK0S8RP,1
A3KK5FKG3L0Q66,1.1
A2AQ6ZCB8C5GZD,1.2000000000000002
A1CZ2GB5LZ9O5H,0.8
A3L8LSM7V7KX3T,2.5000000000000004
A3F51C49T9A34D,3
A3TAEL7MDG6F8I,1.4000000000000001
A3RHFUBEK3JC4V,1
A1TBCRHU8HGCRU,0.7000000000000001
A5P5BCZ0IHGTT,1.5
A3JCQUJ89DTH6F,2.5000000000000004
AOCZRH4QWLCMF,2.1
A3J0PZ3P3J90DU,0.9
A2ZJSBAM7CVBKP,0.1
A38X9JC16INPYG,1.8000000000000003
A2DZKARWHTWC99,0.5
AAQMW4FRH50AQ,4.7
A8TFJL9OWEJM0,0.1
ARNX6JWMYEOAP,1.1
A3SIEZDRQ1UWEV,0.1
A235RE08090NDB,1
AAMO5V7MGJU6D,0.7000000000000001
ALZVV7OQGAJOH,0.8
A1X3UHUEOQOCQE,3.9000000000000004
A2T2UW0VPXASRX,1.3
A2C6AGEN1NI41M,1.1
A32CZA6NYBYTOM,2.4000000000000004
AZ21SV2T5XR9H,0.7000000000000001
A2YLF04UAKYVF1,1.3
A1JVZ2MVPSFZA,1.1
ATZ6YP0R6EBKT,1.3000000000000003
A3L1OIVE57IMT2,3.7
A2JOB1GJG2HY6T,1.3000000000000003
A1710X6OIQP62Q,1.2000000000000002
A2DHKTD1GSBXR2,1.9000000000000001
A25WRR6LG5BJE2,0.6000000000000001
A2TJ05K7TV56AM,1.5000000000000002
A39GP79ULCP9J2,4
A2BKJWXMXTBQ0,3.5000000000000004
A19WXHQSBB6P6O,1.4000000000000001
A3DGF4NXXTB6MI,1.1
A3BEJEOGFLAJC2,0.7000000000000001
A2P1LK58GX2AC,1.3000000000000003
A2QO8TLJCJDXU2,0.7000000000000001
A3DAOQPWXEOZFL,0.9
A1INIU5LAP6Z4J,1.1
A2XYH7YFH4H5C4,2.2
A094612415T5EHTYKXTQ,2.2
A163VRVY72JFG1,1.3000000000000003
A3HVFSD8K94SOR,3.1
A2CA9R4T9ZFWVP,1.4000000000000001
A2Y04MS81W9GHR,2
AKMEQHWJUARX1,0.9
AON3JRF0O9JHW,1.1
AS6FM754MF2B2,1.7000000000000002
A1GPH7RNBM7B86,1.4000000000000001
A3RXNDZ0H0PWHC,0.4
A2L8BI5CRPR5WP,1.5000000000000002
A28Q19NTTP0UIQ,1.9000000000000001
AX309OW6HAXK2,0.1
A25L985XCNESXE,1.3000000000000003
AC345Z4TYHYVO,0.8
A2EXM21XS6NZV5,2.8000000000000003
A2VVRCW621TZ0F,2.2
A249M2F9FFNIK2,2.6
A3BTK49X4ITNXJ,2
A23RTRMJ4BILKC,2
A1OAR421WY7JR3,1.5000000000000002
A33586V3YFTRH5,1.3
A3L0DCUXI7X3A9,1.2000000000000002
A2KWPS7YQS4HPT,2.9000000000000004
AXXDR39CZXQX0,0.7000000000000001
A2S00V7RUU121E,1.2000000000000002
A16E8BQLG16N3F,1.1
A2VEH13K8U8E32,2.9000000000000004
A23442UHTO5VOI,0.1
A2S5CMTSN42YWM,1
ABLXAMHV1IQD5,1
A1BBC1I135T3DV,0.9
AS1NK0638PCBF,1.6
A33XN0S9NJ30RY,0.7000000000000001
A3CZNWMYPM3P6E,1.1
A1561P9VVA3C1C,1
A3BK34MDO3AUD7,0.1
A3PJS2OYL54QXU,1.9000000000000001
ATS3TTU08W4TW,0.7000000000000001
APRZ7BR8C0ZMQ,0.9
A11QPCZN4I57G2,1.1
A2LKQQ3GNDQ017,4.5
A3MOKW1PQ0PC6U,1.2000000000000002
A2PICRJI4WHJB0,1
A3TXECGOC6JHBL,2.6
A2OZPDMRFZM1BB,1
A3IMB1JAMHP1KK,0.9
A3990IOKGPBMJ,2
A29QSM36CXRWAR,1
A2L35GXGI0QXHJ,1
A1ZE87WEYCA44A,1.2000000000000002
A2HUJDDGBAAV22,1.5
A150DWXSZAR19L,1.6
AGTPZWBX99OUA,1.4000000000000001
A14ZFK4M24LEE2,0.1
A2PK2JP60TTO7N,0.1
A2PJHK7U7LXA8X,1.5000000000000002
A1VQJ5UXUXVMGS,3.2
A2WIO1V541XFKL,1.1
A26Z6YJAINSJ43,0.1
A28HB7240OFGEW,2.8000000000000003
A7Q8QELSVUV4A,4.9
A23RL1X2KB6Q34,0.1
A1IIVWXESFK4BA,2.2
A1KWIJXTC47YWE,2.9000000000000004
A16WFZZ3DW9U4N,0.7000000000000001
A26O86898EZJ4R,2.9000000000000004
A3AY0315YWWNXY,3.4000000000000004
A4QTROQJPURVE,1
A2KL39PKF99XV0,1.4000000000000001
A2NVNUMJS0GRBC,0.30000000000000004
A6NQSBS5RZQQH,0.6000000000000001
A1BZ1VD8V8VJML,5.4
A1QMM7AVY98D0C,1.7000000000000002
A3W2DT4YO6AO5R,1.9000000000000001
A3591MJIGGPQ7F,1.4000000000000001
A2S79FCIMZLFPM,1.3000000000000003
A2T6EBB0Z6TQZS,2.8000000000000003
A2BICOUHD9KT0L,0.7000000000000001
A155JNJQ69WMDI,1.1
A3IOM69NM7LBYX,2.1
A3O7ONY6LYQYPL,1
A22W859N1XDKMH,0.7000000000000001
AYVFDE29VXR1I,1.1
A3IMM3YOEK9D3H,0.1
A1ARVYX1OWJRUK,0.1
A250YLWYGQNLWI,0.6000000000000001
A1CH3TODZNQCES,1.2000000000000002
A2NOBB0B070PIR,2.5000000000000004
A2GSLJEIPG3QD9,2.1
AW5DDX7FQR385,1
A18291YNPP7RP5,1.4000000000000001
A36T7N6CT9GUCG,0.9
A3AJJHOAV7WIUQ,0.9
A2BC6S46AZH1MX,2.3000000000000003
A2WLGVXAVT2XTR,2.9000000000000004
A3NRAEKWOKVUNN,4.5
A1WZJDHXGEZOYT,1
A15IBNYIVV0OPT,0.7000000000000001
A3GVIO0THJXK51,0.1
A1LA6CIGBNDOH9,6.1
AQYLCCPEJNVDJ,0.7000000000000001
A1BVQEM4JM0XH3,1.1
A1PX5URXO5RW2Z,1.8
A3330IMKUEM2FJ,1.3
A1GOT0DXTYCM4E,2.7
A1OYVJALB1K54V,2
A21BXRUD15TQL8,0.1
A1WH32GYQOHIRQ,1.1
A16ZYYRQIZ4VTS,1.1
A1IK1JPSPHDYOW,0.1
AFDXDYPBNK5FD,2
A222GZB608T1B8,1.6
A1YSYI926BBOHW,5.800000000000001
A1RIWQD2ZWEM50,2.1
A2IR1END7AM2I5,0.1
AQN3RS63MEPQA,0.2
A32RG98S33V2VI,0.1
A3TZSQ79JL46JN,1
A34B9L8N0Q7LEG,2.3000000000000003
A1WEN4S934ZZ1U,1.8
A2R41Z7F9VBUVV,1.8000000000000003
AOOS6OVB27AQU,0.7000000000000001
AGR9FLTLLUKYQ,2.1
A1NFBKUYYVUYWF,1.7000000000000002
A1I4YFIL263DP8,2.3000000000000003
A390100DOK0MKB,2.4000000000000004
A1OGEY8N4GS7Y4,0.1
AQ1ZYQEFGDXSL,0.6000000000000001
AXY0D2AMLKE2A,2.9000000000000004
A12TFFS6M9TOVF,2
A320I0BFJKJVUS,0.7000000000000001
A1SU3GI285VRUS,3.5000000000000004
A2873IWWYUPLSP,2
A2Z03W0OORZLU8,3.1
ANITTM6WDHKPA,1.1
A1AF6EW9YUMER9,2.1
A39D2O58VQ5GMO,1.6
A2XVLENAJYX691,0.8
AP3LRMKKR2LNK,0.1
A1IT7XNZGMACER,1.1
A259UZJQOOVE4V,0.1
A25Q1FKANAEYNH,0.9
A2MPW5P3ERJCN0,0.1
A2EL1B9BOAJID,2.1
A15MD1NCLTDM4G,2.3000000000000003
A41APS6V2Z1FJ,1.2000000000000002
AW3QNBWHGXVQK,3.6
A1REJE4H1KLBXY,0.5
A2SYALSB53B4UP,1.2000000000000002
A2J2ZAEFRA1S79,1.5000000000000002
A2PAQJ1JLCPW80,3.3000000000000003
A62JBLMW64XCG,0.8
A28V4RNC6YO7E5,2.1
A1FYMTQ3YSEOQ9,4.3
A2KAK961P2SWLG,1.5
A35OWV8U5NMY15,1.4000000000000001
A2BPL7X16VJLBZ,4.2
A1VHITL9WRBG8J,0.7000000000000001
A1RTD65R1H8MQW,0.9
A30R3V4U5F349P,1.1
A1NUH06PAUC5H6,3.5000000000000004
A38OPVI04AH4JG,1.2000000000000002
A3DPXCRMR0II7S,3
A16MVHSG2JIDVJ,2.1
ADYNBOYRPQDEE,1.7000000000000002
A2POU9TTW177VH,1.1
ABN6GDFW4N8AK,0.1
A2KI4KPW7CCJ4D,0.8
A18T3WK7J16C1B,0.1
A273FLY8N0ED6I,1.4000000000000001
A26A77APE2SUR5,4.1
A1NXDS90LZ8D5W,0.5
A3L1N321A3DT5S,0.7000000000000001
AMH685NH93XMN,0.7000000000000001
A3DQF6LC4HDGJG,2.7
A411ZZABHZUNA,1
A1LTV9MGGQCIT3,0.8
A2VCCBAA4SGQOY,0.1
A11TAU7H4KLI1Y,1.4000000000000001
A25OK203N0QYH2,1.1
A4XZS2EY43OLT,0.8
A39EH9228GV09X,1.2000000000000002
A2U88MOJM5FRPC,0.1
A2MK4LRRWDKPF6,0.9
A1XLF62DA6XB0J,0.7000000000000001
A2KOECHP94T0TI,1.6
A2U16O0UAH4MSH,2.3000000000000003
A16DGHNPYZ8K5S,0.1
ANWY0TG55MWW9,1.2000000000000002
A121XPLMG5SJIE,1
A3S80V5C7S8HIH,0.1
A2F0L17JPRRIF7,1.3000000000000003
A10BHUVZ3KQTQH,0.9
A31WZN0H0YV5JB,1.1
A3454T4PU9GJM0,3.4000000000000004
A3GWRDHAURRNK6,2.6
A16V3PTDHQZAYU,0.7000000000000001
A1PDF57SAMGMF0,4.5
AKRB0Z7X4JAOF,2.4000000000000004
A37NQ2WIEI406J,0.9
A1UKZZL7ANOZRZ,1
A2A4FR0UVULXHB,3.1
A3T6K06JKZF9UR,0.4
A1L9HV3SODPE5W,1.9000000000000001
A2IMAGGCST8170,2.4000000000000004
A2FCZJ45P7DBCQ,1.6
AJMBXR9T9XOUG,1
AD5MVQHQ72VFP,1.8
A13R8HHAQEUIWV,1.1
A1Z69U4APIBO5S,2.9000000000000004
A3DETY4Y8A7GV4,1.2000000000000002
A170R0WAZC31WC,1.3
A3IKQHSEPTG4RA,1.6
A3B84NGQT7Z9WE,1.9000000000000001
A2D7O4I1U59P0K,2.7
A2MYLND3V8OIFZ,1
A1ST0FIJXMNPPW,3.8000000000000003
A20S6YBD2VKCZU,1.5000000000000002
A8KX1HFH8NE2Q,3.3000000000000003
A2HE8QPPTKIOGK,3.1
A2N9PODZK37GCF,0.1
A36OTVD5COXLA2,1.1
A19K7P7U3P1WVJ,0.1
A322RX459EJWPW,3.1
A6AMYERTGZC3Z,2.5000000000000004
A1956EPWXWJAU6,0.9
AEB0WUDL7N6MS,1.9000000000000001
A2YD4HY0LXT4GU,2.5000000000000004
A1VSIU3RECGBSP,2.2
APLBZ1ZVP1R8O,3.4000000000000004
A3IQL7EGZDP3ZZ,1
A12FOL04S4RO2,2.5000000000000004
A26B7LQKWWZ61B,0.9
A1NOI2L7072ZN,0.1
A2D48KEFQAZ6RM,2.7
A3CVX7GHF3B65Q,3.1
AKZD89B2WLSX7,1.3
AHFA99EO7K1RT,1.9000000000000001
A18ULC8QSL4G2E,1.1
A25LDQYM31TMWJ,2.6
A3H8HS730SRYAU,0.30000000000000004
A2WU2VYT4U5DZJ,1.4000000000000001
A1OLI048GQ7EOK,2.9000000000000004
A1V2Q2D7ETP65,0.7000000000000001
A2HC9549CZAKNN,1.7000000000000002
A3TC8VP62BRJTR,1.2000000000000002
AMC75YXJ1USZ3,1.2000000000000002
A1ZEEIX69T6VZQ,1.8
A3GZYWA9S6J0K9,1.5
A38DOPX84UB9F1,3
A2C84POENS2UNY,3.3000000000000003
A1SEGJ030C2VML,0.7000000000000001
A1E77HZO63E334,1.5
A3ABHFCQONKUG6,4.800000000000001
A55V2U9UG3Z47,1.8
A3NG205QJ48IM4,0.9
A2VDLRRPXV3N59,1.3000000000000003
A3LDDBCA5LCSO,0.1
A29SG8FWQTKYN1,1
A3IN9YBTU78SBS,1.5000000000000002
A4CHLWPHZIP7Y,1.6
A1RTSWQLSN8FKX,3.5000000000000004
A3CD92C4577ZV4,0.6000000000000001
A2L81UR8VR77PT,2.9000000000000004
AIL1DKZJDTILB,0.8
ALMXTU647ULDU,1.4000000000000001
A2QCYG8KDUKH8Z,2.7
AZTQX7APEZXME,1.9000000000000001
A2GMCWY993EEYE,1.5000000000000002
A3DG61IQ7ZLHGO,0.8
A2AFAWJX5LTUVN,1.5000000000000002
AAFQ3EZ6BTIIG,2.9000000000000004
A1S13X9UM2B0CT,1.3000000000000003
A1SJNPTF4T4R4U,0.1
A2IUEJQKH10JXD,1
A35X6ZCBSOCQMO,1
A1JHIT5H2JAHXT,0.8
A1WR6W4VJIT36P,3
A6Q8KZ37WBAZ1,1
AIQ6EB36H7KKU,1.1
A26DM1BK82SR8U,1.9000000000000001
A2QOB9UKQWAPSH,0.9
A3HKX1IO73WUHC,1.1
A2OJZ0DXEMI0RE,0.8
A3HAW4601SBXY5,0.5
A309E9ZYRIL8X2,1.1
A1PLVSI37Y3YFM,1.1
A2Y9BGALSTVTSS,0.9
A35TUIBF05DKM4,2
A3JOUIM3CDC1DZ,1.8000000000000003
A3LKPH6ISMWLJR,1.1
ASYBJEOL466J6,0.1
A3LB5HB6LRD0TD,1.2000000000000002
A1AEPOWMKMBZN0,0.1
AFFBVBIXRJSL6,3.6
A3VL1CBZ3BGQK7,1.6
A3KUZ2JNKHZBQK,0.6
A1PJLZSOUQ4MIL,4.6000000000000005
A1N42UVFXE4L8G,0.1
A20DJRAE8TZUH5,5.1
AAZ1TWYGG1UBQ,2.2
A27V6J6KOHWK2P,1.1
A2OVX9UW5WANQE,3.5000000000000004
AWFLXMFBLN15F,2.8000000000000003
A2ZPF8I4VD5Q0P,1.6
AQ416M4TDJNPW,0.5
A3EKWPKR0OX8P8,0.1
A1VBZWAHLWQMXM,1.4000000000000001
A33FA1VLSTBM74,3.9000000000000004
AXEPJAPTKGMGV,1.2000000000000002
A2LY10UB6LJ63P,0.9
A2VNSNAN1LZBAM,2.5000000000000004
A2MPCT1O95PVL9,1.5
A2HUAHAD7YHPZV,0.8
A1BWS5AD2T4NIR,2.6
AY10TBUJPFTY6,1
A2UO74BT2MCREJ,1.9000000000000001
A2ES4ZTH0IATSL,0.1
A2115OWJ0CKOB3,1.6
A1PVL74S10WYD7,3.5000000000000004
A3KYRBGZWQR9CO,1.6
A2WT7G3UB7Z7UO,0.9
A2I3VRP747H6W6,0.1
A80X2FTFDSR19,0.6000000000000001
A1AJ2G7JXXJ8UJ,1.2000000000000002
A14LXHJAWRQWR6,1.6
ACVEFRSUAPSEQ,2.1
A17LIM50IMQN7Y,2.1
A3OF8TUITB6QX4,1.6
A6FFYGIDYQ3MO,0.5
A2ASUJSN2XS9IS,1
A311A0TCGNTFKK,0.8
A3PK3Z1LPKK4KV,1.5
A30FOPPL2JP6XE,0.7000000000000001
A31PVO1K5W5JCT,2.5000000000000004
A34YJ1PY7O65TB,3.2
A2VZZHSFOM75SM,4.3
A15SWT9YFH2CDC,0.5
A3BZYJVXY87DIY,0.7000000000000001
A2SWHTHZD88X5H,3.3000000000000003
AR71NXS6I743E,0.7000000000000001
A37CLHPN6SWGBF,1.5
ABMH09TPJ72JW,1.8000000000000003
A249EWKM1EOARK,1.4000000000000001
APF8F1M25DW76,3.3000000000000003
A3KW13NHPR32JW,1.5
A11BJ1CVXRK84G,1
A2I66VZEPOF33G,2.6
A294CIMQ1NOUYC,1.5000000000000002
A2JE91UEHHCEAG,1.9000000000000001
A32VTF7MS252BR,3.8000000000000003
A1H6OBSA5SU3SR,0.1
A4ZD9A71VVQYM,2
A208A2GT4OHJOG,1.4000000000000001
A2OIU0URVWJVC3,0.9
A1G5UODTVW13MM,1.5
A4Q2WGBCAFQFI,1
A20312TZ2OWQ2W,0.4
A1DIK6XVG0ZBZE,0.1
A34PSGSRVTQQYV,3
A34V3N0B4C3BMF,1
A1XQNSBDAOF66C,0.1
AEZSDZ4PS9CAC,1.2000000000000002
A2I8YALVTOJN49,1.4000000000000001
A3QDJJ39K3FZFZ,1.1
A9N9R7HIKV4KF,1.2000000000000002
AUU3FYNZXKENO,2.4000000000000004
A2NZAL7KHOR6VF,1.5
A25SQ3AXFY2ITD,1.8000000000000003
A31H4NMAZ3RTSD,2.5000000000000004
A35UAZ5IKU14XW,2.3000000000000003
A3CMOHJ8HNNDPL,1.1
A33KSJDBWWKKQ1,3.3000000000000003
A1LADBHSQD8FT6,2.5000000000000004
ACOUEGRDJO7B6,0.9
ABWRWUGH4S32V,2.4000000000000004
A11N2XYG9AGJ30,3.2
A1VXA0UP5R9TC9,0.1
A1UBV2NP7OVDVV,0.7000000000000001
A5EOO9SWQN1XM,2.1
A34L4JED8UAIXC,1.3
AA0FRDVV1XGH3,1.3
A2DK91OGZLWQ62,1.4000000000000001
AIG5L6EADO94R,0.9
AOTSROWZG1XS1,1.8
A2PEACPAHGKB8G,2.8000000000000003
A2AYDQ2TDJHPLB,0.7000000000000001
A32AI8EFFND8M6,0.9
ALF9AAZGQP4K5,1.7000000000000002
A2MMTXP20BFIFN,1.2000000000000002
A3FDHMLJ5XUA4V,0.5
A1FVJU0SRTY7H6,1.5000000000000002
ABBP9JASL9AGK,0.1
A21Q4AAEL4AV3G,0.6000000000000001
AQ3SD64NIM8TG,2.4000000000000004
A1EDN55K4IF2GD,0.7000000000000001
AHTWQSOY6HTJI,1.9000000000000001
AOHUD7WWKD2OA,2.7
A3PIVSSF1BR9II,1.5000000000000002
A27YCYJP8J35JL,0.7000000000000001
AHQZUPK08UC4L,0.7000000000000001
A2MCXW228L7IN8,1.4000000000000001
A33GB614ST7J82,1.4000000000000001
A3JRQJKFG066X0,1.8
ADDFIYYGVLIFX,2.4000000000000004
A2ES6NUID2CG04,4.5
A2VRG51YY2R5DS,0.1
A14XAZNSK3G83V,1.5000000000000002
A4A4B0PUT0O8V,3.9000000000000004
A3MHT97TY1M91Y,0.7000000000000001
A29JD0Y2NH6ZRD,0.8
A1J4N2SE30LCUH,2
A1FJR4DVM8YG15,1.3000000000000003
A1AAP4BW3TDT67,1.5
A277UPR6JWGMWY,0.8
AMXYSR7Y0JNSR,1.5000000000000002
A1T6TPNU64ZH9F,2.7
A2UX1I209LML50,0.1
ACKVAGNOUSDL0,1
A1C8FN01981A69,4.4
A2J7KE51TJ0JWZ,0.4
A2615YW1YERQBO,3.8000000000000003
AJ72ZYXVUXCIA,1.1
ADP3EC7N95ETK,1.5000000000000002
A15HF9M3EGMCWL,0.5
A27HVVLSZZ13XK,0.9
A2AOBS7BY78UGD,1.8
A1Z0D6QYUATCVB,0.5
AR9AU5FY1S3RO,1
A21P1T8EW4NHOU,4.6000000000000005
A3JSI5WV5EJ602,0.1
A1MO35UIZFW1BR,0.1
A2KR2DEMXO6D50,2.5000000000000004
A3UC8KZ5O8FVX9,0.8
A26TVP65GYXKHX,1.3
AC5A7NMPY3ATD,1
A1CB72B51L7TKE,3.3000000000000003
A1UXTOUNYQLFT6,0.6000000000000001
A3AQON8JTTPAQG,3.8000000000000003
A3DYQ1OLJ2BJTR,2.6
A26QUOLUXNKP3U,6.1
A3TNXV9XZ3BQCP,2
A1EAG3DLTH5S8V,0.4
A1TUXJUP3775Q2,0.1
A2OOBNPWPGPUW6,2.2
AUC6AB7J7LGKG,1
A1NLARSRIKKKGX,0.1
A1LSX5NVDJB6W3,1.5000000000000002
A1OZN075MPLC9V,0.6
A2CV18RT28BJ1A,4.4
A1X9RXT7MI571,1.2000000000000002
AUBIH6UELJYF1,0.5
A2EGGWEONGEY17,1.9000000000000001
A2H8GNSEVUJXYL,3.1
A2P9FC6DJE15U6,1.7000000000000002
ADZA7VSHO6DGZ,0.1
A23LCFQV9MZ5FM,1.2000000000000002
AV0LIAO8E356J,1.2000000000000002
A15F2JTVAJXITI,2.4000000000000004
A3CMBECZOKDVO7,2.9000000000000004
A5NE8TWS8ZV7B,0.7000000000000001
A3N66DKF3VNB9X,0.4
A60NQZ1KE5U8T,1.4000000000000001
AB5HO1K9GIFPG,0.7000000000000001
A3038W4GMKA2J2,0.2
A2D5U0AACT6WS1,2.6
A2IDC43W4XRR9P,2.1
A2HM35CWB7IIFM,1.1
A262YEK4KFLG4X,0.1
A1GIR15JXHUFTK,0.1
AL76P6HBPCM3K,2.2
A1S8KMGKJACGVO,4
A1FQE3NEOHSKOX,0.1
A2P0UKN1U3LHMO,0.1
A1KLTPBLZUYKFO,0.1
A16U1RK5OHN08F,0.1
AD0I2F8W50TSJ,4.6000000000000005
A1KU8IJC1E9VMU,2.1
AEOFJWOEXF94U,3.4000000000000004
AKX5RHHO8BIUX,3.8000000000000003
A25F4VG7W3BTWV,0.9
AMNRYECHXZY34,2.1
A2ZNA1LIITFQJN,2.1
A38LW34F26WBJY,1.6
A4PUOAFLUOQW4,0.9
A21JXNFMYP5XGC,1.1
A2NCS89SH1421P,1
A2X9VV3B0FZKHY,1.8
A2RWLFIP23FZA7,4.1
A163IXTTEZCCJ6,1
A2194IY840W4E7,0.8
ACTBJYB46CJO3,0.9
A39C22RIL0YJ4D,0.9
A1QYZQ13CMITE7,3.9000000000000004
A1SX8IVV82M0LW,6.2
A39E9936894TJR,0.5
AB8KB8IYHVPAM,0.1
A2NAKIXS3DVGAA,3.5000000000000004
A1GTK51EOSCJOV,0.1
A1PRD9YPNCBEPB,1.2000000000000002
AGNBSF8V3977V,2.5000000000000004
AZKH2AKED4XYL,0.7000000000000001
AK2BB7OB8HYIP,3.9000000000000004
A3IDG9C18BCATK,2.2
AAJVZPBBBYB7K,3.8000000000000003
A15F51M60KMFO,2.8000000000000003
A3W0M61UTJAGUI,1.3000000000000003
AN6YB0JPS8RW,2
A1T0ND039EWAVV,3.8000000000000003
A30YQ3TTM1Q268,0.9
A1O3RIFM061LVE,0.6
A197BVGY15MVJV,1.2000000000000002
A1IKCTBJS3X6CI,1.5000000000000002
A2TW02S15RPAUP,0.1
A32TIY5IZGI28V,0.7000000000000001
A24948AZLOA1QF,3.1
A0339715IMIIMD5R04VT,2.4000000000000004
A3I7E1QAOJ9SJ1,2
A1PAR1TMKFPKQE,0.1
A3UQ9R1VDVVQKR,3.1
A1J6DIW71HQ2KU,1.4000000000000001
A6Y993N21XNS4,1.7000000000000002
ADD2D1WLSRDIE,0.7000000000000001
AL5MR5NR0VYFI,1.2000000000000002
A10FCHETRXX56V,2.9000000000000004
A142LAH93XLNFR,0.1
A1BEV7446DE572,2.2
A3TV3VBVI5RPOJ,1.4000000000000001
A39J3Y8YVC6AIZ,0.8
A21OCCZZLQ58B7,1
A1DKS1KI6S93HF,0.8
A2IRFAXQI96P3,1.9000000000000001
A1EFWZTCRESQ0K,3.5000000000000004
A41X7MP65BTSP,0.4
AKSQ73RWZ9428,3.1
A2YTWLFEYAY5XV,1.5
A2127GZJV2AID2,2.9000000000000004
A1BHDH1RGZ9I1K,3.2
A375OH1S7FO7L8,1.4000000000000001
A1UXVLMCA3PBIL,3.1
A10F0OVV7A0U74,3.5000000000000004
A2HE2Y52NL6YI5,1.1
A3QA6T4K8J7CYL,1.7000000000000002
A33FMDD65GLY7M,1.1
A30H8JHF1Y0NWX,0.1
A1BDJJ3Z71CDKL,1.2000000000000002
A1DS6FZ97XPLHJ,3.5000000000000004
A206OZA6TLMICE,1.9000000000000001
A2SNOG31ZZHXBS,1
A1CUGWGAVOV7YF,0.8
